timestamp,battery_value,tensao,corrente
2025-06-13 12:47:46,94,4205,6,
2025-06-13 12:48:18,94,4205,5,
2025-06-13 12:48:49,94,4205,5,
2025-06-13 12:49:21,94,4205,5,
2025-06-13 12:49:52,94,4205,5,
2025-06-13 12:50:24,94,4205,5,
2025-06-13 12:50:55,94,4205,5,
2025-06-13 12:51:27,94,4205,5,
2025-06-13 16:02:15,99,4127,0
2025-06-13 16:02:41,99,4127,0
2025-06-13 16:03:07,99,4188,0
2025-06-13 16:03:33,99,4188,-34
2025-06-13 16:04:00,99,4188,-32
2025-06-13 16:04:26,99,4188,-30
2025-06-13 16:04:52,99,4188,-29
2025-06-13 16:05:18,99,4188,-28
2025-06-13 16:05:44,99,4188,-27
2025-06-13 16:06:11,99,4188,-25
2025-06-13 16:06:37,99,4188,-24
2025-06-13 16:07:04,99,4188,-23
2025-06-13 16:07:30,99,4188,-22
2025-06-13 16:07:56,99,4188,-22
2025-06-13 16:08:22,99,4188,-21
2025-06-13 16:08:49,99,4188,-20
2025-06-13 16:09:15,99,4188,-19
2025-06-13 16:09:41,99,4188,-18
2025-06-13 16:10:07,99,4188,-18
2025-06-13 16:10:33,99,4188,-17
2025-06-13 16:11:00,99,4188,-17
2025-06-13 16:11:26,99,4188,-16
2025-06-13 16:11:52,99,4188,-16
2025-06-13 16:12:18,99,4188,-15
2025-06-13 16:12:45,99,4189,-15
2025-06-13 16:13:11,99,4189,-15
2025-06-13 16:13:37,99,4189,-14
2025-06-13 16:14:03,99,4189,-14
2025-06-13 16:14:29,99,4189,-13
2025-06-13 16:14:56,99,4189,-13
2025-06-13 16:15:22,99,4189,-12
2025-06-13 16:15:48,99,4189,-12
2025-06-13 16:16:14,99,4189,-11
2025-06-13 16:16:40,99,4189,-11
2025-06-13 16:17:07,99,4189,-11
2025-06-13 16:17:33,99,4189,-10
2025-06-13 16:17:59,99,4189,-10
2025-06-13 16:18:26,99,4189,-10
2025-06-13 16:18:52,99,4189,-10
2025-06-13 16:19:18,99,4189,-10
2025-06-13 16:19:44,99,4189,-10
2025-06-13 16:20:10,99,4189,-10
2025-06-13 16:20:37,99,4189,-9
2025-06-13 16:21:03,99,4189,-9
2025-06-13 16:21:29,99,4189,-8
2025-06-13 16:21:56,99,4189,-8
2025-06-13 16:22:22,99,4189,-8
2025-06-13 16:22:48,99,4189,-8
2025-06-13 16:23:15,99,4189,-8
2025-06-13 16:23:41,99,4189,-8
2025-06-13 16:24:07,99,4189,-8
2025-06-13 16:24:33,99,4189,-7
2025-06-13 16:25:00,99,4189,-7
2025-06-13 16:25:26,99,4189,-7
2025-06-13 16:25:52,99,4189,-7
2025-06-13 16:26:18,99,4189,-6
2025-06-13 16:26:45,99,4189,-6
2025-06-13 16:27:11,99,4189,-6
2025-06-13 16:27:37,99,4189,-6
2025-06-13 16:28:03,99,4189,-6
2025-06-13 16:28:30,99,4189,-6
2025-06-13 16:28:56,99,4189,-6
2025-06-13 16:29:22,99,4189,-5
2025-06-13 16:29:48,99,4189,-5
2025-06-13 16:30:15,99,4189,-5
2025-06-13 16:30:41,99,4189,-5
2025-06-13 16:31:07,99,4189,-5
2025-06-13 16:31:34,99,4189,-5
2025-06-13 16:32:00,99,4189,-5
2025-06-13 16:32:26,99,4189,-5
2025-06-13 16:32:53,99,4189,-5
2025-06-13 16:33:19,99,4189,0
2025-06-13 16:33:45,99,4189,0
2025-06-13 16:34:11,99,4175,6
2025-06-13 16:34:38,99,4175,6
2025-06-13 16:35:04,99,4162,6
2025-06-13 16:35:30,99,4162,6
2025-06-13 16:35:57,99,4157,6
2025-06-13 16:36:23,99,4157,6
2025-06-13 16:36:49,99,4154,6
2025-06-13 16:37:15,99,4154,6
2025-06-13 16:37:42,99,4154,6
2025-06-13 16:38:08,99,4151,6
2025-06-13 16:38:34,99,4151,6
2025-06-13 16:39:00,99,4149,6
2025-06-13 16:39:27,99,4149,6
2025-06-13 16:39:53,99,4147,6
2025-06-13 16:40:19,99,4147,6
2025-06-13 16:40:45,99,4144,6
2025-06-13 16:41:11,99,4144,6
2025-06-13 16:41:38,99,4143,6
2025-06-13 16:42:04,99,4143,6
2025-06-13 16:42:30,99,4143,6
2025-06-13 16:42:57,99,4141,5
2025-06-13 16:43:23,99,4141,5
2025-06-13 16:43:49,99,4139,6
2025-06-13 16:44:15,99,4139,6
2025-06-13 16:44:41,99,4137,6
2025-06-13 16:45:07,99,4137,6
2025-06-13 16:45:34,99,4135,6
2025-06-13 16:46:00,99,4135,6
2025-06-13 16:46:26,99,4134,6
2025-06-13 16:46:52,99,4134,6
2025-06-13 16:47:19,99,4134,6
2025-06-13 16:47:45,99,4132,6
2025-06-13 16:48:11,99,4132,6
2025-06-13 16:48:37,99,4131,6
2025-06-13 16:49:04,99,4131,6
2025-06-13 16:49:30,99,4129,6
2025-06-13 16:49:56,99,4129,6
2025-06-13 16:50:23,99,4128,6
2025-06-13 16:50:49,99,4128,6
2025-06-13 16:51:15,99,4126,6
2025-06-13 16:51:42,99,4126,6
2025-06-13 16:52:08,99,4126,6
2025-06-13 16:52:34,99,4125,6
2025-06-13 16:53:01,99,4125,6
2025-06-13 16:53:27,99,4123,6
2025-06-13 16:53:53,99,4123,6
2025-06-13 16:54:20,99,4122,6
2025-06-13 16:54:46,99,4122,6
2025-06-13 16:55:12,99,4121,6
2025-06-13 16:55:38,99,4121,6
2025-06-13 16:56:05,99,4119,6
2025-06-13 16:56:31,99,4119,6
2025-06-13 16:56:58,99,4119,6
2025-06-13 16:57:24,99,4118,6
2025-06-13 16:57:50,99,4118,6
2025-06-13 16:58:16,99,4117,6
2025-06-13 16:58:43,99,4117,6
2025-06-13 16:59:09,99,4115,6
2025-06-13 16:59:35,99,4115,6
2025-06-13 17:00:01,99,4114,6
2025-06-13 17:00:28,99,4114,6
2025-06-13 17:00:54,99,4113,6
2025-06-13 17:01:20,99,4113,6
2025-06-13 17:01:47,99,4113,6
2025-06-13 17:02:13,99,4111,6
2025-06-13 17:02:39,99,4111,6
2025-06-13 17:03:06,99,4110,6
2025-06-13 17:03:32,99,4110,6
2025-06-13 17:03:58,99,4109,6
2025-06-13 17:04:24,99,4109,6
2025-06-13 17:04:51,99,4108,6
2025-06-13 17:05:17,99,4108,6
2025-06-13 17:05:43,99,4107,6
2025-06-13 17:06:09,99,4107,6
2025-06-13 17:06:36,99,4105,6
2025-06-13 17:07:02,99,4105,5
2025-06-13 17:07:28,99,4105,5
2025-06-13 17:07:55,99,4104,6
2025-06-13 17:08:21,99,4104,6
2025-06-13 17:08:47,99,4103,6
2025-06-13 17:09:14,99,4103,6
2025-06-13 17:09:40,99,4102,5
2025-06-13 17:10:06,99,4102,5
2025-06-13 17:10:33,99,4101,6
2025-06-13 17:10:59,99,4101,6
2025-06-13 17:11:25,99,4100,6
2025-06-13 17:11:51,99,4100,6
2025-06-13 17:12:18,99,4100,6
2025-06-13 17:12:44,99,4098,6
2025-06-13 17:13:10,99,4098,6
2025-06-13 17:13:36,99,4097,6
2025-06-13 17:14:03,99,4097,6
2025-06-13 17:14:29,99,4096,6
2025-06-13 17:14:55,99,4096,6
2025-06-13 17:15:21,99,4095,6
2025-06-13 17:15:47,99,4095,6
2025-06-13 17:16:14,99,4094,6
2025-06-13 17:16:40,99,4094,6
2025-06-13 17:17:06,99,4094,6
2025-06-13 17:17:32,99,4093,6
2025-06-13 17:17:59,99,4093,6
2025-06-13 17:18:25,99,4092,5
2025-06-13 17:18:51,99,4092,5
2025-06-13 17:19:17,99,4091,5
2025-06-13 17:19:43,99,4091,5
2025-06-13 17:20:10,99,4090,6
2025-06-13 17:20:36,99,4090,6
2025-06-13 17:21:02,99,4089,6
2025-06-13 17:21:28,99,4089,6
2025-06-13 17:21:55,99,4089,6
2025-06-13 17:22:21,99,4088,6
2025-06-13 17:22:47,99,4088,6
2025-06-13 17:23:13,99,4087,6
2025-06-13 17:23:40,99,4087,6
2025-06-13 17:24:06,99,4086,6
2025-06-13 17:24:32,99,4086,6
2025-06-13 17:24:58,99,4085,6
2025-06-13 17:25:24,99,4085,6
2025-06-13 17:25:51,99,4084,6
2025-06-13 17:26:17,99,4084,6
2025-06-13 17:26:43,99,4084,6
2025-06-13 17:27:09,99,4083,6
2025-06-13 17:27:36,99,4083,6
2025-06-13 17:28:02,99,4082,6
2025-06-13 17:28:28,99,4082,6
2025-06-13 17:28:54,99,4081,6
2025-06-13 17:29:20,99,4081,6
2025-06-13 17:29:47,99,4080,6
2025-06-13 17:30:13,99,4080,6
2025-06-13 17:30:39,99,4079,6
2025-06-13 17:31:05,99,4079,6
2025-06-13 17:31:31,99,4079,6
2025-06-13 17:31:58,99,4078,5
2025-06-13 17:32:24,99,4078,5
2025-06-13 17:32:50,99,4077,6
2025-06-13 17:33:17,99,4077,6
2025-06-13 17:33:43,99,4076,6
2025-06-13 17:34:09,99,4076,6
2025-06-13 17:34:35,99,4075,6
2025-06-13 17:35:01,99,4075,6
2025-06-13 17:35:28,99,4075,6
2025-06-13 17:35:54,99,4075,6
2025-06-13 17:36:20,99,4075,6
2025-06-13 17:36:46,99,4074,5
2025-06-13 17:37:13,99,4074,5
2025-06-13 17:37:39,99,4073,6
2025-06-13 17:38:05,99,4073,6
2025-06-13 17:38:31,99,4072,5
2025-06-13 17:38:57,99,4072,5
2025-06-13 17:39:24,99,4071,6
2025-06-13 17:39:50,99,4071,6
2025-06-13 17:40:16,99,4070,6
2025-06-13 17:40:42,99,4070,6
2025-06-13 17:41:09,99,4070,6
2025-06-13 17:41:35,99,4069,6
2025-06-13 17:42:01,99,4069,6
2025-06-13 17:42:27,99,4068,6
2025-06-13 17:42:53,99,4068,6
2025-06-13 17:43:20,99,4067,6
2025-06-13 17:43:46,99,4067,6
2025-06-13 17:44:12,99,4066,6
2025-06-13 17:44:38,99,4066,6
2025-06-13 17:45:04,99,4066,6
2025-06-13 17:45:31,99,4066,6
2025-06-13 17:45:57,99,4066,6
2025-06-13 17:46:23,99,4064,6
2025-06-13 17:46:49,99,4064,6
2025-06-13 17:47:16,99,4063,6
2025-06-13 17:47:42,99,4063,6
2025-06-13 17:48:08,99,4063,6
2025-06-13 17:48:34,99,4063,6
2025-06-13 17:49:01,99,4062,6
2025-06-13 17:49:27,99,4062,6
2025-06-13 17:49:53,99,4061,6
2025-06-13 17:50:19,99,4061,6
2025-06-13 17:50:45,99,4061,6
2025-06-13 17:51:12,99,4060,6
2025-06-13 17:51:38,99,4060,6
2025-06-13 17:52:04,99,4059,6
2025-06-13 17:52:30,99,4059,6
2025-06-13 17:52:56,99,4059,6
2025-06-13 17:53:23,99,4059,6
2025-06-13 17:53:49,99,4058,6
2025-06-13 17:54:15,99,4058,6
2025-06-13 17:54:41,99,4058,6
2025-06-13 17:55:08,99,4057,6
2025-06-13 17:55:34,99,4057,6
2025-06-13 17:56:00,99,4057,6
2025-06-13 17:56:26,99,4057,6
2025-06-13 17:56:52,99,4056,6
2025-06-13 17:57:19,99,4056,6
2025-06-13 17:57:45,99,4055,6
2025-06-13 17:58:11,99,4055,6
2025-06-13 17:58:37,99,4054,6
2025-06-13 17:59:04,99,4054,6
2025-06-13 17:59:30,99,4054,6
2025-06-13 17:59:56,99,4054,6
2025-06-13 18:00:22,99,4054,6
2025-06-13 18:00:48,99,4053,6
2025-06-13 18:01:14,99,4053,6
2025-06-13 18:01:41,99,4052,6
2025-06-13 18:02:07,99,4052,6
2025-06-13 18:02:33,99,4052,5
2025-06-13 18:02:59,99,4052,5
2025-06-13 18:03:25,99,4051,6
2025-06-13 18:03:52,99,4051,6
2025-06-13 18:04:18,99,4051,6
2025-06-13 18:04:44,99,4050,6
2025-06-13 18:05:10,99,4050,6
2025-06-13 18:05:37,99,4049,6
2025-06-13 18:06:03,99,4049,6
2025-06-13 18:06:29,99,4049,6
2025-06-13 18:06:55,99,4049,6
2025-06-13 18:07:22,99,4048,6
2025-06-13 18:07:48,99,4048,6
2025-06-13 18:08:14,99,4047,6
2025-06-13 18:08:40,99,4047,6
2025-06-13 18:09:06,99,4047,6
2025-06-13 18:09:33,99,4046,6
2025-06-13 18:09:59,99,4046,6
2025-06-13 18:10:25,99,4046,6
2025-06-13 18:10:51,99,4046,6
2025-06-13 18:11:17,99,4045,5
2025-06-13 18:11:44,99,4045,5
2025-06-13 18:12:10,99,4044,5
2025-06-13 18:12:36,99,4044,5
2025-06-13 18:13:02,99,4044,6
2025-06-13 18:13:29,99,4044,6
2025-06-13 18:13:55,99,4044,6
2025-06-13 18:14:21,99,4043,6
2025-06-13 18:14:47,99,4043,6
2025-06-13 18:15:13,99,4042,6
2025-06-13 18:15:40,99,4042,6
2025-06-13 18:16:06,99,4042,6
2025-06-13 18:16:32,99,4042,6
2025-06-13 18:16:58,99,4041,6
2025-06-13 18:17:24,99,4041,6
2025-06-13 18:17:51,99,4040,6
2025-06-13 18:18:17,99,4040,6
2025-06-13 18:18:43,99,4040,6
2025-06-13 18:19:09,99,4040,6
2025-06-13 18:19:36,99,4040,6
2025-06-13 18:20:02,99,4039,6
2025-06-13 18:20:28,99,4039,6
2025-06-13 18:20:54,99,4038,6
2025-06-13 18:21:20,99,4038,6
2025-06-13 18:21:47,99,4038,6
2025-06-13 18:22:13,99,4038,6
2025-06-13 18:22:39,99,4037,6
2025-06-13 18:23:05,99,4037,6
2025-06-13 18:23:32,99,4037,6
2025-06-13 18:23:58,99,4036,6
2025-06-13 18:24:24,99,4036,6
2025-06-13 18:24:50,99,4036,6
2025-06-13 18:25:16,99,4036,6
2025-06-13 18:25:42,99,4035,6
2025-06-13 18:26:09,99,4035,6
2025-06-13 18:26:35,99,4035,6
2025-06-13 18:27:01,99,4035,6
2025-06-13 18:27:27,99,4034,6
2025-06-13 18:27:53,99,4034,6
2025-06-13 18:28:20,99,4034,6
2025-06-13 18:28:46,99,4034,6
2025-06-13 18:29:12,99,4034,6
2025-06-13 18:29:38,99,4033,6
2025-06-13 18:30:04,99,4033,6
2025-06-13 18:30:31,99,4032,6
2025-06-13 18:30:57,99,4032,6
2025-06-13 18:31:23,99,4032,6
2025-06-13 18:31:49,99,4032,6
2025-06-13 18:32:15,99,4031,6
2025-06-13 18:32:42,99,4031,6
2025-06-13 18:33:08,99,4031,6
2025-06-13 18:33:34,99,4031,6
2025-06-13 18:34:00,99,4031,6
2025-06-13 18:34:26,99,4030,6
2025-06-13 18:34:53,99,4030,6
2025-06-13 18:35:19,99,4030,6
2025-06-13 18:35:45,99,4030,6
2025-06-13 18:36:11,99,4029,6
2025-06-13 18:36:37,99,4029,6
2025-06-13 18:37:04,99,4029,6
2025-06-13 18:37:30,99,4029,6
2025-06-13 18:37:56,99,4029,6
2025-06-13 18:38:22,99,4028,6
2025-06-13 18:38:48,99,4028,6
2025-06-13 18:39:15,99,4028,6
2025-06-13 18:39:41,99,4028,6
2025-06-13 18:40:07,99,4027,6
2025-06-13 18:40:33,99,4027,6
2025-06-13 18:40:59,99,4027,6
2025-06-13 18:41:26,99,4027,6
2025-06-13 18:41:52,99,4026,6
2025-06-13 18:42:18,99,4026,6
2025-06-13 18:42:44,99,4026,6
2025-06-13 18:43:10,99,4026,6
2025-06-13 18:43:37,99,4026,6
2025-06-13 18:44:03,99,4025,6
2025-06-13 18:44:29,99,4025,6
2025-06-13 18:44:55,99,4025,6
2025-06-13 18:45:21,99,4025,6
2025-06-13 18:45:48,99,4024,6
2025-06-13 18:46:14,99,4024,6
2025-06-13 18:46:40,99,4024,6
2025-06-13 18:47:06,99,4024,6
2025-06-13 18:47:33,99,4024,6
2025-06-13 18:47:59,99,4023,6
2025-06-13 18:48:25,99,4023,6
2025-06-13 18:48:51,99,4023,6
2025-06-13 18:49:17,99,4023,6
2025-06-13 18:49:44,99,4022,6
2025-06-13 18:50:10,99,4022,6
2025-06-13 18:50:36,99,4022,6
2025-06-13 18:51:02,99,4022,6
2025-06-13 18:51:28,99,4022,6
2025-06-13 18:51:55,99,4021,6
2025-06-13 18:52:21,99,4021,6
2025-06-13 18:52:47,99,4021,6
2025-06-13 18:53:13,99,4021,6
2025-06-13 18:53:39,99,4020,6
2025-06-13 18:54:06,99,4020,6
2025-06-13 18:54:32,99,4020,6
2025-06-13 18:54:58,99,4020,6
2025-06-13 18:55:24,99,4019,6
2025-06-13 18:55:50,99,4019,6
2025-06-13 18:56:16,99,4019,6
2025-06-13 18:56:43,99,4019,6
2025-06-13 18:57:09,99,4019,6
2025-06-13 18:57:35,99,4018,6
2025-06-13 18:58:01,99,4018,6
2025-06-13 18:58:27,99,4017,6
2025-06-13 18:58:54,99,4017,6
2025-06-13 18:59:20,99,4017,6
2025-06-13 18:59:46,99,4017,6
2025-06-13 19:00:12,99,4016,6
2025-06-13 19:00:38,99,4016,6
2025-06-13 19:01:05,99,4016,6
2025-06-13 19:01:31,99,4016,6
2025-06-13 19:01:57,99,4016,6
2025-06-13 19:02:23,99,4015,6
2025-06-13 19:02:50,99,4015,6
2025-06-13 19:03:16,99,4015,6
2025-06-13 19:03:42,99,4015,6
2025-06-13 19:04:08,99,4014,6
2025-06-13 19:04:34,99,4014,6
2025-06-13 19:05:01,99,4014,6
2025-06-13 19:05:27,99,4014,6
2025-06-13 19:05:53,99,4014,6
2025-06-13 19:06:19,99,4013,6
2025-06-13 19:06:45,99,4013,6
2025-06-13 19:07:12,99,4013,6
2025-06-13 19:07:38,99,4013,6
2025-06-13 19:08:04,99,4012,6
2025-06-13 19:08:30,99,4012,6
2025-06-13 19:08:56,99,4012,6
2025-06-13 19:09:23,99,4012,6
2025-06-13 19:09:49,99,4011,6
2025-06-13 19:10:15,99,4011,6
2025-06-13 19:10:41,99,4011,6
2025-06-13 19:11:08,99,4010,6
2025-06-13 19:11:34,99,4010,6
2025-06-13 19:12:00,99,4010,6
2025-06-13 19:12:26,99,4010,6
2025-06-13 19:12:52,99,4009,6
2025-06-13 19:13:19,99,4009,6
2025-06-13 19:13:45,99,4009,6
2025-06-13 19:14:11,99,4009,6
2025-06-13 19:14:37,99,4008,6
2025-06-13 19:15:04,99,4008,6
2025-06-13 19:15:30,99,4008,6
2025-06-13 19:15:56,99,4007,6
2025-06-13 19:16:22,99,4007,6
2025-06-13 19:16:48,99,4007,6
2025-06-13 19:17:15,99,4007,6
2025-06-13 19:17:41,99,4006,6
2025-06-13 19:18:07,99,4006,6
2025-06-13 19:18:33,99,4006,6
2025-06-13 19:18:59,99,4006,6
2025-06-13 19:19:26,99,4005,6
2025-06-13 19:19:52,99,4005,6
2025-06-13 19:20:18,99,4005,6
2025-06-13 19:20:44,99,4004,6
2025-06-13 19:21:11,99,4004,6
2025-06-13 19:21:37,99,4004,6
2025-06-13 19:22:03,99,4004,6
2025-06-13 19:22:29,99,4003,6
2025-06-13 19:22:55,99,4003,6
2025-06-13 19:23:21,99,4003,6
2025-06-13 19:23:48,99,4003,6
2025-06-13 19:24:14,99,4002,6
2025-06-13 19:24:40,99,4002,6
2025-06-13 19:25:06,99,4002,6
2025-06-13 19:25:33,99,4001,6
2025-06-13 19:25:59,99,4001,6
2025-06-13 19:26:25,99,4001,6
2025-06-13 19:26:51,99,4001,6
2025-06-13 19:27:18,99,4000,6
2025-06-13 19:27:44,99,4000,6
2025-06-13 19:28:10,99,4000,6
2025-06-13 19:28:36,99,4000,6
2025-06-13 19:29:02,99,3999,6
2025-06-13 19:29:29,99,3999,6
2025-06-13 19:29:55,99,3999,6
2025-06-13 19:30:21,99,3998,6
2025-06-13 19:30:47,99,3998,6
2025-06-13 19:31:14,99,3998,6
2025-06-13 19:31:40,99,3998,6
2025-06-13 19:32:06,99,3997,6
2025-06-13 19:32:32,99,3997,6
2025-06-13 19:32:59,99,3996,6
2025-06-13 19:33:25,99,3996,6
2025-06-13 19:33:51,99,3996,6
2025-06-13 19:34:17,99,3996,6
2025-06-13 19:34:43,99,3996,6
2025-06-13 19:35:10,99,3995,6
2025-06-13 19:35:36,99,3995,6
2025-06-13 19:36:02,99,3994,6
2025-06-13 19:36:28,99,3994,6
2025-06-13 19:36:54,99,3994,6
2025-06-13 19:37:21,99,3994,6
2025-06-13 19:37:47,99,3993,6
2025-06-13 19:38:13,99,3993,6
2025-06-13 19:38:39,99,3993,6
2025-06-13 19:39:05,99,3993,6
2025-06-13 19:39:32,99,3993,6
2025-06-13 19:39:58,99,3992,6
2025-06-13 19:40:24,99,3992,6
2025-06-13 19:40:50,99,3991,6
2025-06-13 19:41:17,99,3991,6
2025-06-13 19:41:43,99,3991,6
2025-06-13 19:42:09,99,3991,6
2025-06-13 19:42:35,99,3990,6
2025-06-13 19:43:02,99,3990,6
2025-06-13 19:43:28,99,3990,6
2025-06-13 19:43:54,99,3989,6
2025-06-13 19:44:20,99,3989,6
2025-06-13 19:44:46,99,3989,6
2025-06-13 19:45:12,99,3989,6
2025-06-13 19:45:39,99,3988,6
2025-06-13 19:46:05,99,3988,6
2025-06-13 19:46:31,99,3987,6
2025-06-13 19:46:57,99,3987,6
2025-06-13 19:47:23,99,3987,6
2025-06-13 19:47:50,99,3987,6
2025-06-13 19:48:16,99,3987,6
2025-06-13 19:48:42,99,3986,6
2025-06-13 19:49:08,99,3986,6
2025-06-13 19:49:35,99,3986,6
2025-06-13 19:50:01,99,3986,6
2025-06-13 19:50:27,99,3985,6
2025-06-13 19:50:53,99,3985,6
2025-06-13 19:51:19,99,3984,6
2025-06-13 19:51:45,99,3984,6
2025-06-13 19:52:12,99,3983,6
2025-06-13 19:52:38,99,3983,6
2025-06-13 19:53:04,99,3983,6
2025-06-13 19:53:30,99,3983,6
2025-06-13 19:53:56,99,3983,6
2025-06-13 19:54:23,99,3982,6
2025-06-13 19:54:49,99,3982,6
2025-06-13 19:55:15,99,3981,6
2025-06-13 19:55:41,99,3981,6
2025-06-13 19:56:07,99,3981,6
2025-06-13 19:56:34,99,3981,6
2025-06-13 19:57:00,99,3980,6
2025-06-13 19:57:26,99,3980,6
2025-06-13 19:57:52,99,3980,6
2025-06-13 19:58:19,99,3979,6
2025-06-13 19:58:45,99,3979,6
2025-06-13 19:59:11,99,3979,6
2025-06-13 19:59:37,99,3979,6
2025-06-13 20:00:03,99,3978,6
2025-06-13 20:00:29,99,3978,6
2025-06-13 20:00:56,99,3977,6
2025-06-13 20:01:22,99,3977,6
2025-06-13 20:01:48,99,3976,6
2025-06-13 20:02:14,99,3976,6
2025-06-13 20:02:41,99,3976,6
2025-06-13 20:03:07,99,3976,6
2025-06-13 20:03:33,99,3976,6
2025-06-13 20:03:59,99,3975,6
2025-06-13 20:04:25,99,3975,6
2025-06-13 20:04:52,99,3974,6
2025-06-13 20:05:18,99,3974,6
2025-06-13 20:05:44,99,3974,6
2025-06-13 20:06:10,99,3974,6
2025-06-13 20:06:37,99,3973,6
2025-06-13 20:07:03,99,3973,6
2025-06-13 20:07:29,99,3973,6
2025-06-13 20:07:55,99,3972,6
2025-06-13 20:08:21,99,3972,6
2025-06-13 20:08:48,99,3971,6
2025-06-13 20:09:14,99,3971,6
2025-06-13 20:09:40,99,3971,6
2025-06-13 20:10:06,99,3971,6
2025-06-13 20:10:33,99,3970,6
2025-06-13 20:10:59,99,3970,6
2025-06-13 20:11:25,99,3969,6
2025-06-13 20:11:51,99,3969,6
2025-06-13 20:12:17,99,3969,6
2025-06-13 20:12:44,99,3969,6
2025-06-13 20:13:10,99,3969,6
2025-06-13 20:13:36,99,3968,6
2025-06-13 20:14:02,99,3968,6
2025-06-13 20:14:29,99,3967,6
2025-06-13 20:14:55,99,3967,6
2025-06-13 20:15:21,99,3966,6
2025-06-13 20:15:47,99,3966,6
2025-06-13 20:16:13,99,3966,6
2025-06-13 20:16:40,99,3966,6
2025-06-13 20:17:06,99,3966,6
2025-06-13 20:17:32,99,3965,6
2025-06-13 20:17:58,99,3965,6
2025-06-13 20:18:24,99,3964,6
2025-06-13 20:18:51,99,3964,6
2025-06-13 20:19:17,99,3963,6
2025-06-13 20:19:43,99,3963,6
2025-06-13 20:20:09,99,3962,6
2025-06-13 20:20:35,99,3962,6
2025-06-13 20:21:02,99,3962,6
2025-06-13 20:21:28,99,3962,6
2025-06-13 20:21:54,99,3962,6
2025-06-13 20:22:20,99,3961,6
2025-06-13 20:22:46,99,3961,6
2025-06-13 20:23:13,99,3960,6
2025-06-13 20:23:39,99,3960,6
2025-06-13 20:24:05,99,3959,6
2025-06-13 20:24:31,99,3959,6
2025-06-13 20:24:58,99,3959,6
2025-06-13 20:25:24,99,3959,6
2025-06-13 20:25:50,99,3959,6
2025-06-13 20:26:16,99,3958,6
2025-06-13 20:26:43,99,3958,6
2025-06-13 20:27:09,99,3957,6
2025-06-13 20:27:35,99,3957,6
2025-06-13 20:28:01,99,3956,6
2025-06-13 20:28:27,99,3956,6
2025-06-13 20:28:54,99,3955,6
2025-06-13 20:29:20,99,3955,6
2025-06-13 20:29:46,99,3954,6
2025-06-13 20:30:12,99,3954,6
2025-06-13 20:30:39,99,3954,6
2025-06-13 20:31:05,99,3954,6
2025-06-13 20:31:31,99,3954,6
2025-06-13 20:31:57,99,3953,6
2025-06-13 20:32:23,99,3953,6
2025-06-13 20:32:50,99,3952,6
2025-06-13 20:33:16,99,3952,6
2025-06-13 20:33:42,99,3951,6
2025-06-13 20:34:08,99,3951,6
2025-06-13 20:34:35,99,3951,6
2025-06-13 20:35:01,99,3951,6
2025-06-13 20:35:27,99,3951,6
2025-06-13 20:35:53,99,3950,6
2025-06-13 20:36:19,99,3950,6
2025-06-13 20:36:46,99,3949,6
2025-06-13 20:37:12,99,3949,6
2025-06-13 20:37:38,99,3948,6
2025-06-13 20:38:04,99,3948,6
2025-06-13 20:38:31,99,3947,6
2025-06-13 20:38:57,99,3947,6
2025-06-13 20:39:23,99,3947,6
2025-06-13 20:39:49,99,3947,6
2025-06-13 20:40:15,99,3947,6
2025-06-13 20:40:42,99,3946,6
2025-06-13 20:41:08,99,3946,6
2025-06-13 20:41:34,99,3945,6
2025-06-13 20:42:00,99,3945,6
2025-06-13 20:42:26,99,3944,6
2025-06-13 20:42:53,99,3944,6
2025-06-13 20:43:19,99,3943,6
2025-06-13 20:43:45,99,3943,6
2025-06-13 20:44:11,99,3943,6
2025-06-13 20:44:38,99,3943,6
2025-06-13 20:45:04,99,3943,6
2025-06-13 20:45:30,99,3942,6
2025-06-13 20:45:56,99,3942,6
2025-06-13 20:46:23,99,3941,6
2025-06-13 20:46:49,99,3941,6
2025-06-13 20:47:15,99,3940,6
2025-06-13 20:47:41,99,3940,6
2025-06-13 20:48:08,99,3939,6
2025-06-13 20:48:34,99,3939,6
2025-06-13 20:49:00,99,3939,6
2025-06-13 20:49:26,99,3939,6
2025-06-13 20:49:52,99,3939,6
2025-06-13 20:50:19,99,3938,6
2025-06-13 20:50:45,99,3938,6
2025-06-13 20:51:11,99,3937,6
2025-06-13 20:51:37,99,3937,6
2025-06-13 20:52:03,99,3936,6
2025-06-13 20:52:30,99,3936,6
2025-06-13 20:52:56,99,3935,6
2025-06-13 20:53:22,99,3935,6
2025-06-13 20:53:48,99,3935,6
2025-06-13 20:54:15,99,3935,6
2025-06-13 20:54:41,99,3935,6
2025-06-13 20:55:07,99,3934,6
2025-06-13 20:55:33,99,3934,6
2025-06-13 20:55:59,99,3933,6
2025-06-13 20:56:26,99,3933,6
2025-06-13 20:56:52,99,3932,6
2025-06-13 20:57:18,99,3932,6
2025-06-13 20:57:44,99,3932,6
2025-06-13 20:58:11,99,3931,6
2025-06-13 20:58:37,99,3931,6
2025-06-13 20:59:03,99,3931,6
2025-06-13 20:59:29,99,3930,6
2025-06-13 20:59:55,99,3930,6
2025-06-13 21:00:22,99,3929,6
2025-06-13 21:00:48,99,3929,6
2025-06-13 21:01:14,99,3928,6
2025-06-13 21:01:40,99,3928,6
2025-06-13 21:02:07,99,3928,6
2025-06-13 21:02:33,99,3928,6
2025-06-13 21:02:59,99,3927,6
2025-06-13 21:03:25,99,3927,6
2025-06-13 21:03:52,99,3927,6
2025-06-13 21:04:18,99,3926,6
2025-06-13 21:04:44,99,3926,6
2025-06-13 21:05:10,99,3925,6
2025-06-13 21:05:36,99,3925,6
2025-06-13 21:06:03,99,3925,6
2025-06-13 21:06:29,99,3925,6
2025-06-13 21:06:55,99,3924,6
2025-06-13 21:07:21,99,3924,6
2025-06-13 21:07:48,99,3924,6
2025-06-13 21:08:14,99,3923,6
2025-06-13 21:08:40,99,3923,6
2025-06-13 21:09:06,99,3922,6
2025-06-13 21:09:33,99,3922,6
2025-06-13 21:09:59,99,3921,6
2025-06-13 21:10:25,99,3921,6
2025-06-13 21:10:51,99,3921,6
2025-06-13 21:11:17,99,3921,6
2025-06-13 21:11:44,99,3920,6
2025-06-13 21:12:10,99,3920,6
2025-06-13 21:12:36,99,3920,6
2025-06-13 21:13:02,99,3920,6
2025-06-13 21:13:29,99,3920,6
2025-06-13 21:13:55,99,3919,6
2025-06-13 21:14:21,99,3919,6
2025-06-13 21:14:47,99,3919,6
2025-06-13 21:15:13,99,3919,6
2025-06-13 21:15:40,99,3918,6
2025-06-13 21:16:06,99,3918,6
2025-06-13 21:16:32,99,3917,6
2025-06-13 21:16:58,99,3917,6
2025-06-13 21:17:25,99,3917,6
2025-06-13 21:17:51,99,3917,6
2025-06-13 21:18:17,99,3917,6
2025-06-13 21:18:43,99,3916,6
2025-06-13 21:19:09,99,3916,6
2025-06-13 21:19:36,99,3916,6
2025-06-13 21:20:02,99,3916,6
2025-06-13 21:20:28,99,3915,6
2025-06-13 21:20:54,99,3915,6
2025-06-13 21:21:21,99,3914,6
2025-06-13 21:21:47,99,3914,6
2025-06-13 21:22:13,99,3914,6
2025-06-13 21:22:39,99,3914,6
2025-06-13 21:23:05,99,3914,6
2025-06-13 21:23:32,99,3913,6
2025-06-13 21:23:58,99,3913,6
2025-06-13 21:24:24,99,3912,6
2025-06-13 21:24:50,99,3912,6
2025-06-13 21:25:17,99,3912,6
2025-06-13 21:25:43,99,3912,6
2025-06-13 21:26:09,99,3911,6
2025-06-13 21:26:35,99,3911,6
2025-06-13 21:27:01,99,3911,6
2025-06-13 21:27:28,99,3911,6
2025-06-13 21:27:54,99,3911,6
2025-06-13 21:28:20,99,3910,6
2025-06-13 21:28:46,99,3910,6
2025-06-13 21:29:13,99,3909,6
2025-06-13 21:29:39,99,3909,6
2025-06-13 21:30:05,99,3908,6
2025-06-13 21:30:31,99,3908,6
2025-06-13 21:30:57,99,3908,6
2025-06-13 21:31:24,99,3908,6
2025-06-13 21:31:50,99,3908,6
2025-06-13 21:32:16,99,3907,6
2025-06-13 21:32:42,99,3907,6
2025-06-13 21:33:08,99,3907,6
2025-06-13 21:33:35,99,3907,6
2025-06-13 21:34:01,99,3906,6
2025-06-13 21:34:27,99,3906,6
2025-06-13 21:34:53,99,3905,6
2025-06-13 21:35:19,99,3905,6
2025-06-13 21:35:46,99,3905,6
2025-06-13 21:36:12,99,3905,6
2025-06-13 21:36:38,99,3905,6
2025-06-13 21:37:05,99,3904,6
2025-06-13 21:37:31,99,3904,6
2025-06-13 21:37:57,99,3903,6
2025-06-13 21:38:23,99,3903,6
2025-06-13 21:38:49,99,3903,6
2025-06-13 21:39:16,99,3903,6
2025-06-13 21:39:42,99,3902,6
2025-06-13 21:40:08,99,3902,6
2025-06-13 21:40:34,99,3902,6
2025-06-13 21:41:01,99,3902,6
2025-06-13 21:41:27,99,3902,6
2025-06-13 21:41:53,99,3901,6
2025-06-13 21:42:19,99,3901,6
2025-06-13 21:42:45,99,3900,6
2025-06-13 21:43:12,99,3900,6
2025-06-13 21:43:38,99,3900,6
2025-06-13 21:44:04,99,3900,6
2025-06-13 21:44:30,99,3899,6
2025-06-13 21:44:57,99,3899,6
2025-06-13 21:45:23,99,3898,6
2025-06-13 21:45:49,99,3898,6
2025-06-13 21:46:15,99,3898,6
2025-06-13 21:46:42,99,3898,6
2025-06-13 21:47:08,99,3898,6
2025-06-13 21:47:34,99,3897,6
2025-06-13 21:48:00,99,3897,6
2025-06-13 21:48:26,99,3897,6
2025-06-13 21:48:53,99,3897,6
2025-06-13 21:49:19,99,3896,6
2025-06-13 21:49:45,99,3896,6
2025-06-13 21:50:11,99,3895,6
2025-06-13 21:50:37,99,3895,6
2025-06-13 21:51:04,99,3895,6
2025-06-13 21:51:30,99,3894,6
2025-06-13 21:51:56,99,3894,6
2025-06-13 21:52:22,99,3894,6
2025-06-13 21:52:48,99,3894,6
2025-06-13 21:53:15,99,3893,6
2025-06-13 21:53:41,99,3893,6
2025-06-13 21:54:07,99,3893,6
2025-06-13 21:54:33,99,3893,6
2025-06-13 21:55:00,99,3892,6
2025-06-13 21:55:26,99,3892,6
2025-06-13 21:55:52,99,3892,6
2025-06-13 21:56:18,99,3891,6
2025-06-13 21:56:44,99,3891,6
2025-06-13 21:57:11,99,3891,6
2025-06-13 21:57:37,99,3891,6
2025-06-13 21:58:03,99,3890,6
2025-06-13 21:58:29,99,3890,6
2025-06-13 21:58:55,99,3889,6
2025-06-13 21:59:22,99,3889,6
2025-06-13 21:59:48,99,3889,6
2025-06-13 22:00:14,99,3889,6
2025-06-13 22:00:40,99,3889,6
2025-06-13 22:01:07,99,3888,6
2025-06-13 22:01:33,99,3888,6
2025-06-13 22:01:59,99,3888,6
2025-06-13 22:02:25,99,3888,6
2025-06-13 22:02:51,99,3887,6
2025-06-13 22:03:18,99,3887,6
2025-06-13 22:03:44,99,3886,6
2025-06-13 22:04:10,99,3886,6
2025-06-13 22:04:36,99,3886,6
2025-06-13 22:05:03,99,3886,6
2025-06-13 22:05:29,99,3885,6
2025-06-13 22:05:55,99,3885,6
2025-06-13 22:06:21,99,3885,6
2025-06-13 22:06:48,99,3885,6
2025-06-13 22:07:14,99,3885,6
2025-06-13 22:07:40,99,3884,6
2025-06-13 22:08:06,99,3884,6
2025-06-13 22:08:33,99,3884,6
2025-06-13 22:08:59,99,3884,6
2025-06-13 22:09:25,99,3883,6
2025-06-13 22:09:51,99,3883,6
2025-06-13 22:10:18,99,3882,6
2025-06-13 22:10:44,99,3882,6
2025-06-13 22:11:10,99,3882,6
2025-06-13 22:11:36,99,3882,6
2025-06-13 22:12:02,99,3882,6
2025-06-13 22:12:29,99,3881,6
2025-06-13 22:12:55,99,3881,6
2025-06-13 22:13:21,99,3881,6
2025-06-13 22:13:47,99,3881,6
2025-06-13 22:14:13,99,3880,6
2025-06-13 22:14:40,99,3880,6
2025-06-13 22:15:06,99,3879,6
2025-06-13 22:15:32,99,3879,6
2025-06-13 22:15:58,99,3879,6
2025-06-13 22:16:24,99,3879,6
2025-06-13 22:16:51,99,3879,6
2025-06-13 22:17:17,99,3879,6
2025-06-13 22:17:43,99,3879,6
2025-06-13 22:18:09,99,3878,6
2025-06-13 22:18:36,99,3878,6
2025-06-13 22:19:02,99,3877,6
2025-06-13 22:19:28,99,3877,6
2025-06-13 22:19:54,99,3877,6
2025-06-13 22:20:21,99,3877,6
2025-06-13 22:20:47,99,3877,6
2025-06-13 22:21:13,99,3876,6
2025-06-13 22:21:39,99,3876,6
2025-06-13 22:22:06,99,3876,6
2025-06-13 22:22:32,99,3876,6
2025-06-13 22:22:58,99,3875,6
2025-06-13 22:23:24,99,3875,6
2025-06-13 22:23:51,99,3875,6
2025-06-13 22:24:17,99,3875,6
2025-06-13 22:24:43,99,3874,6
2025-06-13 22:25:09,99,3874,6
2025-06-13 22:25:35,99,3874,6
2025-06-13 22:26:02,99,3874,6
2025-06-13 22:26:28,99,3874,6
2025-06-13 22:26:54,99,3873,6
2025-06-13 22:27:20,99,3873,6
2025-06-13 22:27:47,99,3873,6
2025-06-13 22:28:13,99,3873,6
2025-06-13 22:28:39,99,3872,6
2025-06-13 22:29:05,99,3872,6
2025-06-13 22:29:31,99,3871,6
2025-06-13 22:29:58,99,3871,6
2025-06-13 22:30:24,99,3871,6
2025-06-13 22:30:50,99,3871,6
2025-06-13 22:31:16,99,3871,6
2025-06-13 22:31:43,99,3871,6
2025-06-13 22:32:09,99,3871,6
2025-06-13 22:32:35,99,3870,6
2025-06-13 22:33:01,99,3870,6
2025-06-13 22:33:28,99,3869,6
2025-06-13 22:33:54,99,3869,6
2025-06-13 22:34:20,99,3869,6
2025-06-13 22:34:46,99,3869,6
2025-06-13 22:35:12,99,3869,6
2025-06-13 22:35:39,99,3868,6
2025-06-13 22:36:05,99,3868,6
2025-06-13 22:36:31,99,3868,6
2025-06-13 22:36:57,99,3868,6
2025-06-13 22:37:24,99,3868,6
2025-06-13 22:37:50,99,3868,6
2025-06-13 22:38:16,99,3867,6
2025-06-13 22:38:42,99,3867,6
2025-06-13 22:39:09,99,3866,6
2025-06-13 22:39:35,99,3866,6
2025-06-13 22:40:01,99,3866,6
2025-06-13 22:40:27,99,3866,6
2025-06-13 22:40:53,99,3866,6
2025-06-13 22:41:20,99,3865,6
2025-06-13 22:41:46,99,3865,6
2025-06-13 22:42:12,99,3865,6
2025-06-13 22:42:38,99,3865,6
2025-06-13 22:43:04,99,3864,6
2025-06-13 22:43:31,99,3864,6
2025-06-13 22:43:57,99,3864,6
2025-06-13 22:44:23,99,3864,6
2025-06-13 22:44:49,99,3864,6
2025-06-13 22:45:15,99,3863,6
2025-06-13 22:45:42,99,3863,6
2025-06-13 22:46:08,99,3863,6
2025-06-13 22:46:34,99,3863,6
2025-06-13 22:47:00,99,3862,6
2025-06-13 22:47:26,99,3862,6
2025-06-13 22:47:53,99,3862,6
2025-06-13 22:48:19,99,3862,6
2025-06-13 22:48:45,99,3861,6
2025-06-13 22:49:11,99,3861,6
2025-06-13 22:49:38,99,3861,6
2025-06-13 22:50:04,99,3861,6
2025-06-13 22:50:30,99,3861,6
2025-06-13 22:50:56,99,3860,6
2025-06-13 22:51:22,99,3860,6
2025-06-13 22:51:48,99,3860,6
2025-06-13 22:52:15,99,3860,6
2025-06-13 22:52:41,99,3859,6
2025-06-13 22:53:07,99,3859,6
2025-06-13 22:53:33,99,3859,6
2025-06-13 22:54:00,99,3859,6
2025-06-13 22:54:26,99,3859,6
2025-06-13 22:54:52,99,3859,6
2025-06-13 22:55:18,99,3859,6
2025-06-13 22:55:44,99,3858,6
2025-06-13 22:56:11,99,3858,6
2025-06-13 22:56:37,99,3857,6
2025-06-13 22:57:03,99,3857,6
2025-06-13 22:57:29,99,3857,6
2025-06-13 22:57:56,99,3857,6
2025-06-13 22:58:22,99,3856,6
2025-06-13 22:58:48,99,3856,6
2025-06-13 22:59:14,99,3856,6
2025-06-13 22:59:41,99,3856,6
2025-06-13 23:00:07,99,3856,6
2025-06-13 23:00:33,99,3855,6
2025-06-13 23:00:59,99,3855,6
2025-06-13 23:01:26,99,3855,6
2025-06-13 23:01:52,99,3855,6
2025-06-13 23:02:18,99,3855,6
2025-06-13 23:02:44,99,3855,6
2025-06-13 23:03:10,99,3854,6
2025-06-13 23:03:37,99,3854,6
2025-06-13 23:04:03,99,3854,6
2025-06-13 23:04:29,99,3854,6
2025-06-13 23:04:55,99,3854,6
2025-06-13 23:05:21,99,3853,6
2025-06-13 23:05:48,99,3853,6
2025-06-13 23:06:14,99,3853,6
2025-06-13 23:06:40,99,3853,6
2025-06-13 23:07:06,99,3852,6
2025-06-13 23:07:33,99,3852,6
2025-06-13 23:07:59,99,3851,6
2025-06-13 23:08:25,99,3851,6
2025-06-13 23:08:51,99,3851,6
2025-06-13 23:09:17,99,3851,6
2025-06-13 23:09:44,99,3851,6
2025-06-13 23:10:10,99,3851,6
2025-06-13 23:10:36,99,3851,6
2025-06-13 23:11:02,99,3850,6
2025-06-13 23:11:29,99,3850,6
2025-06-13 23:11:55,99,3850,6
2025-06-13 23:12:21,99,3850,6
2025-06-13 23:12:47,99,3849,6
2025-06-13 23:13:13,99,3849,6
2025-06-13 23:13:40,99,3849,6
2025-06-13 23:14:06,99,3849,6
2025-06-13 23:14:32,99,3849,6
2025-06-13 23:14:58,99,3848,6
2025-06-13 23:15:25,99,3848,6
2025-06-13 23:15:51,99,3848,6
2025-06-13 23:16:17,99,3848,6
2025-06-13 23:16:43,99,3847,6
2025-06-13 23:17:09,99,3847,6
2025-06-13 23:17:36,99,3846,6
2025-06-13 23:18:02,99,3846,6
2025-06-13 23:18:28,99,3846,6
2025-06-13 23:18:54,99,3846,6
2025-06-13 23:19:20,99,3846,6
2025-06-13 23:19:47,99,3845,6
2025-06-13 23:20:13,99,3845,6
2025-06-13 23:20:39,99,3845,6
2025-06-13 23:21:05,99,3845,6
2025-06-13 23:21:31,99,3845,6
2025-06-13 23:21:58,99,3845,6
2025-06-13 23:22:24,99,3844,6
2025-06-13 23:22:50,99,3844,6
2025-06-13 23:23:16,99,3844,6
2025-06-13 23:23:42,99,3844,6
2025-06-13 23:24:09,99,3844,6
2025-06-13 23:24:35,99,3843,6
2025-06-13 23:25:01,99,3843,6
2025-06-13 23:25:27,99,3842,6
2025-06-13 23:25:53,99,3842,6
2025-06-13 23:26:20,99,3842,6
2025-06-13 23:26:46,99,3842,6
2025-06-13 23:27:12,99,3842,6
2025-06-13 23:27:38,99,3842,6
2025-06-13 23:28:04,99,3842,6
2025-06-13 23:28:31,99,3841,6
2025-06-13 23:28:57,99,3841,6
2025-06-13 23:29:23,99,3841,6
2025-06-13 23:29:49,99,3841,6
2025-06-13 23:30:16,99,3840,6
2025-06-13 23:30:42,99,3840,6
2025-06-13 23:31:08,99,3839,6
2025-06-13 23:31:34,99,3839,6
2025-06-13 23:32:01,99,3839,6
2025-06-13 23:32:27,99,3839,6
2025-06-13 23:32:53,99,3839,6
2025-06-13 23:33:19,99,3839,6
2025-06-13 23:33:45,99,3839,6
2025-06-13 23:34:12,99,3838,6
2025-06-13 23:34:38,99,3838,6
2025-06-13 23:35:04,99,3838,6
2025-06-13 23:35:30,99,3838,6
2025-06-13 23:35:57,99,3837,6
2025-06-13 23:36:23,99,3837,6
2025-06-13 23:36:49,99,3836,6
2025-06-13 23:37:15,99,3836,6
2025-06-13 23:37:42,99,3836,6
2025-06-13 23:38:08,99,3836,6
2025-06-13 23:38:34,99,3836,6
2025-06-13 23:39:00,99,3836,6
2025-06-13 23:39:26,99,3836,6
2025-06-13 23:39:53,99,3835,6
2025-06-13 23:40:19,99,3835,6
2025-06-13 23:40:45,99,3835,6
2025-06-13 23:41:11,99,3835,6
2025-06-13 23:41:37,99,3834,6
2025-06-13 23:42:04,99,3834,6
2025-06-13 23:42:30,99,3833,6
2025-06-13 23:42:56,99,3833,6
2025-06-13 23:43:22,99,3833,6
2025-06-13 23:43:48,99,3833,6
2025-06-13 23:44:15,99,3833,6
2025-06-13 23:44:41,99,3833,6
2025-06-13 23:45:07,99,3833,6
2025-06-13 23:45:33,99,3832,6
2025-06-13 23:46:00,99,3832,6
2025-06-13 23:46:26,99,3831,6
2025-06-13 23:46:52,99,3831,6
2025-06-13 23:47:18,99,3831,6
2025-06-13 23:47:44,99,3831,6
2025-06-13 23:48:11,99,3831,6
2025-06-13 23:48:37,99,3831,6
2025-06-13 23:49:03,99,3831,6
2025-06-13 23:49:29,99,3830,6
2025-06-13 23:49:56,99,3830,6
2025-06-13 23:50:22,99,3829,6
2025-06-13 23:50:48,99,3829,6
2025-06-13 23:51:14,99,3829,6
2025-06-13 23:51:40,99,3829,6
2025-06-13 23:52:07,99,3828,6
2025-06-13 23:52:33,99,3828,6
2025-06-13 23:52:59,99,3828,6
2025-06-13 23:53:25,99,3828,6
2025-06-13 23:53:52,99,3828,6
2025-06-13 23:54:18,99,3827,6
2025-06-13 23:54:44,99,3827,6
2025-06-13 23:55:10,99,3827,6
2025-06-13 23:55:36,99,3827,6
2025-06-13 23:56:03,99,3826,6
2025-06-13 23:56:29,99,3826,6
2025-06-13 23:56:55,99,3826,6
2025-06-13 23:57:21,99,3826,6
2025-06-13 23:57:48,99,3826,6
2025-06-13 23:58:14,99,3825,6
2025-06-13 23:58:40,99,3825,6
2025-06-13 23:59:06,99,3825,6
2025-06-13 23:59:32,99,3825,6
2025-06-13 23:59:59,99,3824,6
2025-06-14 00:00:25,99,3824,6
2025-06-14 00:00:51,99,3824,6
2025-06-14 00:01:17,99,3824,6
2025-06-14 00:01:44,99,3823,6
2025-06-14 00:02:10,99,3823,6
2025-06-14 00:02:36,99,3823,6
2025-06-14 00:03:02,99,3823,6
2025-06-14 00:03:29,99,3823,6
2025-06-14 00:03:55,99,3822,6
2025-06-14 00:04:21,99,3822,6
2025-06-14 00:04:47,99,3822,6
2025-06-14 00:05:13,99,3822,6
2025-06-14 00:05:40,99,3821,6
2025-06-14 00:06:06,99,3821,6
2025-06-14 00:06:32,99,3821,6
2025-06-14 00:06:58,99,3821,6
2025-06-14 00:07:25,99,3821,6
2025-06-14 00:07:51,99,3820,6
2025-06-14 00:08:17,99,3820,6
2025-06-14 00:08:43,99,3819,6
2025-06-14 00:09:10,99,3819,6
2025-06-14 00:09:36,99,3819,6
2025-06-14 00:10:02,99,3819,6
2025-06-14 00:10:28,99,3818,6
2025-06-14 00:10:54,99,3818,6
2025-06-14 00:11:21,99,3818,6
2025-06-14 00:11:47,99,3818,6
2025-06-14 00:12:13,99,3818,6
2025-06-14 00:12:39,99,3817,6
2025-06-14 00:13:05,99,3817,6
2025-06-14 00:13:32,99,3817,6
2025-06-14 00:13:58,99,3817,6
2025-06-14 00:14:24,99,3816,6
2025-06-14 00:14:50,99,3816,6
2025-06-14 00:15:17,99,3816,6
2025-06-14 00:15:43,99,3816,6
2025-06-14 00:16:09,99,3815,6
2025-06-14 00:16:35,99,3815,6
2025-06-14 00:17:01,99,3815,6
2025-06-14 00:17:28,99,3815,6
2025-06-14 00:17:54,99,3815,6
2025-06-14 00:18:20,99,3814,6
2025-06-14 00:18:46,99,3814,6
2025-06-14 00:19:13,99,3813,6
2025-06-14 00:19:39,99,3813,6
2025-06-14 00:20:05,99,3813,6
2025-06-14 00:20:31,99,3813,6
2025-06-14 00:20:57,99,3812,6
2025-06-14 00:21:24,99,3812,6
2025-06-14 00:21:50,99,3812,6
2025-06-14 00:22:16,99,3812,6
2025-06-14 00:22:42,99,3812,6
2025-06-14 00:23:09,99,3811,6
2025-06-14 00:23:35,99,3811,6
2025-06-14 00:24:01,99,3811,6
2025-06-14 00:24:27,99,3811,6
2025-06-14 00:24:53,99,3810,6
2025-06-14 00:25:20,99,3810,6
2025-06-14 00:25:46,99,3810,6
2025-06-14 00:26:12,99,3810,6
2025-06-14 00:26:38,99,3810,6
2025-06-14 00:27:05,99,3809,6
2025-06-14 00:27:31,99,3809,6
2025-06-14 00:27:57,99,3808,6
2025-06-14 00:28:23,99,3808,6
2025-06-14 00:28:50,99,3808,6
2025-06-14 00:29:16,99,3808,6
2025-06-14 00:29:42,99,3807,6
2025-06-14 00:30:08,99,3807,6
2025-06-14 00:30:34,99,3807,6
2025-06-14 00:31:01,99,3807,6
2025-06-14 00:31:27,99,3807,6
2025-06-14 00:31:53,99,3806,6
2025-06-14 00:32:19,99,3806,6
2025-06-14 00:32:46,99,3805,6
2025-06-14 00:33:12,99,3805,6
2025-06-14 00:33:38,99,3805,6
2025-06-14 00:34:04,99,3805,6
2025-06-14 00:34:31,99,3804,6
2025-06-14 00:34:57,99,3804,6
2025-06-14 00:35:23,99,3804,6
2025-06-14 00:35:49,99,3804,6
2025-06-14 00:36:15,99,3803,6
2025-06-14 00:36:42,99,3803,6
2025-06-14 00:37:08,99,3803,6
2025-06-14 00:37:34,99,3802,6
2025-06-14 00:38:00,99,3802,6
2025-06-14 00:38:26,99,3802,6
2025-06-14 00:38:53,99,3802,6
2025-06-14 00:39:19,99,3801,6
2025-06-14 00:39:45,99,3801,6
2025-06-14 00:40:11,99,3801,6
2025-06-14 00:40:38,99,3801,6
2025-06-14 00:41:04,99,3800,6
2025-06-14 00:41:30,99,3800,6
2025-06-14 00:41:56,99,3800,6
2025-06-14 00:42:22,99,3799,6
2025-06-14 00:42:49,99,3799,6
2025-06-14 00:43:15,99,3799,6
2025-06-14 00:43:41,99,3799,6
2025-06-14 00:44:07,99,3798,6
2025-06-14 00:44:34,99,3798,6
2025-06-14 00:45:00,99,3798,6
2025-06-14 00:45:26,99,3798,6
2025-06-14 00:45:52,99,3797,6
2025-06-14 00:46:18,99,3797,6
2025-06-14 00:46:45,99,3797,6
2025-06-14 00:47:11,99,3796,6
2025-06-14 00:47:37,99,3796,6
2025-06-14 00:48:03,99,3796,6
2025-06-14 00:48:30,99,3796,6
2025-06-14 00:48:56,99,3795,6
2025-06-14 00:49:22,99,3795,6
2025-06-14 00:49:48,99,3795,6
2025-06-14 00:50:15,99,3795,6
2025-06-14 00:50:41,99,3794,6
2025-06-14 00:51:07,99,3794,6
2025-06-14 00:51:33,99,3794,6
2025-06-14 00:51:59,99,3793,6
2025-06-14 00:52:26,99,3793,6
2025-06-14 00:52:52,99,3793,6
2025-06-14 00:53:18,99,3793,6
2025-06-14 00:53:44,99,3792,6
2025-06-14 00:54:11,99,3792,6
2025-06-14 00:54:37,99,3791,6
2025-06-14 00:55:03,99,3791,6
2025-06-14 00:55:29,99,3791,6
2025-06-14 00:55:56,99,3791,6
2025-06-14 00:56:22,99,3791,6
2025-06-14 00:56:48,99,3790,6
2025-06-14 00:57:14,99,3790,6
2025-06-14 00:57:41,99,3789,6
2025-06-14 00:58:07,99,3789,6
2025-06-14 00:58:33,99,3789,6
2025-06-14 00:58:59,99,3789,6
2025-06-14 00:59:25,99,3788,6
2025-06-14 00:59:52,99,3788,6
2025-06-14 01:00:18,99,3787,6
2025-06-14 01:00:44,99,3787,6
2025-06-14 01:01:10,99,3787,6
2025-06-14 01:01:36,99,3787,6
2025-06-14 01:02:03,99,3787,6
2025-06-14 01:02:29,99,3786,6
2025-06-14 01:02:55,99,3786,6
2025-06-14 01:03:21,99,3786,6
2025-06-14 01:03:48,99,3786,6
2025-06-14 01:04:14,99,3785,6
2025-06-14 01:04:40,99,3785,6
2025-06-14 01:05:06,99,3784,6
2025-06-14 01:05:32,99,3784,6
2025-06-14 01:05:59,99,3784,6
2025-06-14 01:06:25,99,3783,6
2025-06-14 01:06:51,99,3783,6
2025-06-14 01:07:17,99,3783,6
2025-06-14 01:07:43,99,3783,6
2025-06-14 01:08:10,99,3782,6
2025-06-14 01:08:36,99,3782,6
2025-06-14 01:09:02,99,3781,6
2025-06-14 01:09:28,99,3781,6
2025-06-14 01:09:55,99,3781,6
2025-06-14 01:10:21,99,3781,6
2025-06-14 01:10:47,99,3781,6
2025-06-14 01:11:13,99,3780,6
2025-06-14 01:11:39,99,3780,6
2025-06-14 01:12:06,99,3779,6
2025-06-14 01:12:32,99,3779,6
2025-06-14 01:12:58,99,3779,6
2025-06-14 01:13:24,99,3779,6
2025-06-14 01:13:51,99,3778,6
2025-06-14 01:14:17,99,3778,6
2025-06-14 01:14:43,99,3777,6
2025-06-14 01:15:09,99,3777,6
2025-06-14 01:15:35,99,3777,6
2025-06-14 01:16:02,99,3776,6
2025-06-14 01:16:28,99,3776,6
2025-06-14 01:16:54,99,3776,6
2025-06-14 01:17:20,99,3776,6
2025-06-14 01:17:46,99,3775,6
2025-06-14 01:18:13,99,3775,6
2025-06-14 01:18:39,99,3774,6
2025-06-14 01:19:05,99,3774,6
2025-06-14 01:19:31,99,3774,6
2025-06-14 01:19:57,99,3774,6
2025-06-14 01:20:24,99,3774,6
2025-06-14 01:20:50,99,3773,6
2025-06-14 01:21:16,99,3773,6
2025-06-14 01:21:42,99,3772,6
2025-06-14 01:22:08,99,3772,6
2025-06-14 01:22:35,99,3771,6
2025-06-14 01:23:01,99,3771,6
2025-06-14 01:23:27,99,3771,6
2025-06-14 01:23:53,99,3771,6
2025-06-14 01:24:20,99,3770,6
2025-06-14 01:24:46,99,3770,6
2025-06-14 01:25:12,99,3770,6
2025-06-14 01:25:38,99,3769,6
2025-06-14 01:26:05,99,3769,6
2025-06-14 01:26:31,99,3768,6
2025-06-14 01:26:57,99,3768,6
2025-06-14 01:27:23,99,3768,6
2025-06-14 01:27:50,99,3768,6
2025-06-14 01:28:16,99,3767,6
2025-06-14 01:28:42,99,3767,6
2025-06-14 01:29:08,99,3766,6
2025-06-14 01:29:34,99,3766,6
2025-06-14 01:30:01,99,3765,6
2025-06-14 01:30:27,99,3765,6
2025-06-14 01:30:53,99,3765,6
2025-06-14 01:31:19,99,3765,6
2025-06-14 01:31:45,99,3765,6
2025-06-14 01:32:12,99,3764,6
2025-06-14 01:32:38,99,3764,6
2025-06-14 01:33:04,99,3763,6
2025-06-14 01:33:30,99,3763,6
2025-06-14 01:33:56,99,3763,6
2025-06-14 01:34:23,99,3763,6
2025-06-14 01:34:49,99,3762,6
2025-06-14 01:35:15,99,3762,6
2025-06-14 01:35:41,99,3762,6
2025-06-14 01:36:08,99,3761,6
2025-06-14 01:36:34,99,3761,6
2025-06-14 01:37:00,99,3760,6
2025-06-14 01:37:26,99,3760,6
2025-06-14 01:37:52,99,3759,6
2025-06-14 01:38:19,99,3759,6
2025-06-14 01:38:45,99,3759,6
2025-06-14 01:39:11,99,3759,6
2025-06-14 01:39:37,99,3758,6
2025-06-14 01:40:03,99,3758,6
2025-06-14 01:40:30,99,3758,6
2025-06-14 01:40:56,99,3757,6
2025-06-14 01:41:22,99,3757,6
2025-06-14 01:41:48,99,3756,6
2025-06-14 01:42:14,99,3756,6
2025-06-14 01:42:41,99,3755,6
2025-06-14 01:43:07,99,3755,6
2025-06-14 01:43:33,99,3755,6
2025-06-14 01:43:59,99,3755,6
2025-06-14 01:44:26,99,3754,6
2025-06-14 01:44:52,99,3754,6
2025-06-14 01:45:18,99,3754,6
2025-06-14 01:45:44,99,3753,6
2025-06-14 01:46:11,99,3753,6
2025-06-14 01:46:37,99,3752,6
2025-06-14 01:47:03,99,3752,6
2025-06-14 01:47:29,99,3751,6
2025-06-14 01:47:56,99,3751,6
2025-06-14 01:48:22,99,3751,6
2025-06-14 01:48:48,99,3751,6
2025-06-14 01:49:14,99,3750,6
2025-06-14 01:49:40,99,3750,6
2025-06-14 01:50:07,99,3750,6
2025-06-14 01:50:33,99,3749,6
2025-06-14 01:50:59,99,3749,6
2025-06-14 01:51:25,99,3748,6
2025-06-14 01:51:52,99,3748,6
2025-06-14 01:52:18,99,3747,6
2025-06-14 01:52:44,99,3747,6
2025-06-14 01:53:10,99,3747,6
2025-06-14 01:53:36,99,3747,6
2025-06-14 01:54:03,99,3746,6
2025-06-14 01:54:29,99,3746,6
2025-06-14 01:54:55,99,3746,6
2025-06-14 01:55:21,99,3745,6
2025-06-14 01:55:48,99,3745,6
2025-06-14 01:56:14,99,3744,6
2025-06-14 01:56:40,99,3744,6
2025-06-14 01:57:06,99,3743,6
2025-06-14 01:57:32,99,3743,6
2025-06-14 01:57:59,99,3743,6
2025-06-14 01:58:25,99,3743,6
2025-06-14 01:58:51,99,3742,6
2025-06-14 01:59:17,99,3742,6
2025-06-14 01:59:43,99,3742,6
2025-06-14 02:00:10,99,3741,6
2025-06-14 02:00:36,99,3741,6
2025-06-14 02:01:02,99,3740,6
2025-06-14 02:01:28,99,3740,6
2025-06-14 02:01:55,99,3739,6
2025-06-14 02:02:21,99,3739,6
2025-06-14 02:02:47,99,3738,6
2025-06-14 02:03:13,99,3738,6
2025-06-14 02:03:39,99,3738,6
2025-06-14 02:04:06,99,3738,6
2025-06-14 02:04:32,99,3738,6
2025-06-14 02:04:58,99,3737,6
2025-06-14 02:05:24,99,3737,6
2025-06-14 02:05:51,99,3736,6
2025-06-14 02:06:17,99,3736,6
2025-06-14 02:06:43,99,3735,6
2025-06-14 02:07:10,99,3735,6
2025-06-14 02:07:36,99,3734,6
2025-06-14 02:08:02,99,3734,6
2025-06-14 02:08:28,99,3733,6
2025-06-14 02:08:55,99,3733,6
2025-06-14 02:09:21,99,3733,6
2025-06-14 02:09:47,99,3733,6
2025-06-14 02:10:13,99,3733,6
2025-06-14 02:10:39,99,3732,6
2025-06-14 02:11:06,99,3732,6
2025-06-14 02:11:32,99,3731,6
2025-06-14 02:11:58,99,3731,6
2025-06-14 02:12:24,99,3730,6
2025-06-14 02:12:51,99,3730,6
2025-06-14 02:13:17,99,3729,6
2025-06-14 02:13:43,99,3729,6
2025-06-14 02:14:09,99,3729,6
2025-06-14 02:14:35,99,3728,6
2025-06-14 02:15:02,99,3728,6
2025-06-14 02:15:28,99,3727,6
2025-06-14 02:15:54,99,3727,6
2025-06-14 02:16:20,99,3727,6
2025-06-14 02:16:47,99,3727,6
2025-06-14 02:17:13,99,3726,6
2025-06-14 02:17:39,99,3726,6
2025-06-14 02:18:05,99,3725,6
2025-06-14 02:18:32,99,3725,6
2025-06-14 02:18:58,99,3724,6
2025-06-14 02:19:24,99,3724,6
2025-06-14 02:19:50,99,3724,6
2025-06-14 02:20:17,99,3723,6
2025-06-14 02:20:43,99,3723,6
2025-06-14 02:21:09,99,3722,6
2025-06-14 02:21:35,99,3722,6
2025-06-14 02:22:01,99,3721,6
2025-06-14 02:22:28,99,3721,6
2025-06-14 02:22:54,99,3721,6
2025-06-14 02:23:20,99,3721,6
2025-06-14 02:23:46,99,3720,6
2025-06-14 02:24:13,99,3720,6
2025-06-14 02:24:39,99,3720,6
2025-06-14 02:25:05,99,3719,6
2025-06-14 02:25:31,99,3719,6
2025-06-14 02:25:58,99,3718,6
2025-06-14 02:26:24,99,3718,6
2025-06-14 02:26:50,99,3717,6
2025-06-14 02:27:16,99,3717,6
2025-06-14 02:27:43,99,3716,6
2025-06-14 02:28:09,99,3716,6
2025-06-14 02:28:35,99,3715,6
2025-06-14 02:29:01,99,3715,6
2025-06-14 02:29:27,99,3715,6
2025-06-14 02:29:54,99,3715,6
2025-06-14 02:30:20,99,3715,6
2025-06-14 02:30:46,99,3714,6
2025-06-14 02:31:12,99,3714,6
2025-06-14 02:31:39,99,3713,6
2025-06-14 02:32:05,99,3713,6
2025-06-14 02:32:31,99,3712,6
2025-06-14 02:32:57,99,3712,6
2025-06-14 02:33:24,99,3711,6
2025-06-14 02:33:50,99,3711,6
2025-06-14 02:34:16,99,3711,6
2025-06-14 02:34:42,99,3710,6
2025-06-14 02:35:08,99,3710,6
2025-06-14 02:35:35,99,3710,6
2025-06-14 02:36:01,99,3710,6
2025-06-14 02:36:27,99,3709,6
2025-06-14 02:36:53,99,3709,6
2025-06-14 02:37:20,99,3708,6
2025-06-14 02:37:46,99,3708,6
2025-06-14 02:38:12,99,3707,6
2025-06-14 02:38:38,99,3707,6
2025-06-14 02:39:04,99,3707,6
2025-06-14 02:39:31,99,3706,6
2025-06-14 02:39:57,99,3706,6
2025-06-14 02:40:23,99,3705,6
2025-06-14 02:40:49,99,3705,6
2025-06-14 02:41:15,99,3704,6
2025-06-14 02:41:42,99,3704,6
2025-06-14 02:42:08,99,3704,6
2025-06-14 02:42:34,99,3704,6
2025-06-14 02:43:00,99,3703,6
2025-06-14 02:43:27,99,3703,6
2025-06-14 02:43:53,99,3703,6
2025-06-14 02:44:19,99,3702,6
2025-06-14 02:44:45,99,3702,6
2025-06-14 02:45:12,99,3701,6
2025-06-14 02:45:38,99,3701,6
2025-06-14 02:46:04,99,3700,6
2025-06-14 02:46:30,99,3700,6
2025-06-14 02:46:56,99,3699,6
2025-06-14 02:47:23,99,3699,6
2025-06-14 02:47:49,99,3698,6
2025-06-14 02:48:15,99,3698,6
2025-06-14 02:48:41,99,3698,6
2025-06-14 02:49:07,99,3698,6
2025-06-14 02:49:34,99,3698,6
2025-06-14 02:50:00,99,3697,6
2025-06-14 02:50:26,99,3697,6
2025-06-14 02:50:52,99,3696,6
2025-06-14 02:51:19,99,3696,6
2025-06-14 02:51:45,99,3695,6
2025-06-14 02:52:11,99,3695,6
2025-06-14 02:52:37,99,3694,6
2025-06-14 02:53:03,99,3694,6
2025-06-14 02:53:30,99,3694,6
2025-06-14 02:53:56,99,3693,6
2025-06-14 02:54:22,99,3693,6
2025-06-14 02:54:48,99,3693,6
2025-06-14 02:55:14,99,3693,6
2025-06-14 02:55:41,99,3692,6
2025-06-14 02:56:07,99,3692,6
2025-06-14 02:56:33,99,3691,6
2025-06-14 02:56:59,99,3691,6
2025-06-14 02:57:26,99,3690,6
2025-06-14 02:57:52,99,3690,6
2025-06-14 02:58:18,99,3690,6
2025-06-14 02:58:44,99,3689,6
2025-06-14 02:59:10,99,3689,6
2025-06-14 02:59:37,99,3689,6
2025-06-14 03:00:03,99,3689,6
2025-06-14 03:00:29,99,3688,6
2025-06-14 03:00:55,99,3688,6
2025-06-14 03:01:21,99,3687,6
2025-06-14 03:01:48,99,3687,6
2025-06-14 03:02:14,99,3686,6
2025-06-14 03:02:40,99,3686,6
2025-06-14 03:03:06,99,3686,6
2025-06-14 03:03:32,99,3685,6
2025-06-14 03:03:59,99,3685,6
2025-06-14 03:04:25,99,3684,6
2025-06-14 03:04:51,99,3684,6
2025-06-14 03:05:17,99,3683,6
2025-06-14 03:05:44,99,3683,6
2025-06-14 03:06:10,99,3683,6
2025-06-14 03:06:36,99,3683,6
2025-06-14 03:07:02,99,3682,6
2025-06-14 03:07:28,99,3682,6
2025-06-14 03:07:55,99,3681,6
2025-06-14 03:08:21,99,3681,6
2025-06-14 03:08:47,99,3681,6
2025-06-14 03:09:13,99,3680,6
2025-06-14 03:09:39,99,3680,6
2025-06-14 03:10:06,99,3679,6
2025-06-14 03:10:32,99,3679,6
2025-06-14 03:10:58,99,3678,6
2025-06-14 03:11:24,99,3678,6
2025-06-14 03:11:51,99,3678,6
2025-06-14 03:12:17,99,3678,6
2025-06-14 03:12:43,99,3677,6
2025-06-14 03:13:09,99,3677,6
2025-06-14 03:13:35,99,3677,6
2025-06-14 03:14:02,99,3676,6
2025-06-14 03:14:28,99,3676,6
2025-06-14 03:14:54,99,3675,6
2025-06-14 03:15:20,99,3675,6
2025-06-14 03:15:47,99,3675,6
2025-06-14 03:16:13,99,3674,6
2025-06-14 03:16:39,99,3674,6
2025-06-14 03:17:05,99,3673,6
2025-06-14 03:17:31,99,3673,6
2025-06-14 03:17:58,99,3673,6
2025-06-14 03:18:24,99,3672,6
2025-06-14 03:18:50,99,3672,6
2025-06-14 03:19:16,99,3671,6
2025-06-14 03:19:43,99,3671,6
2025-06-14 03:20:09,99,3671,6
2025-06-14 03:20:35,99,3671,6
2025-06-14 03:21:01,99,3670,6
2025-06-14 03:21:28,99,3670,6
2025-06-14 03:21:54,99,3669,6
2025-06-14 03:22:20,99,3669,6
2025-06-14 03:22:46,99,3669,6
2025-06-14 03:23:12,99,3668,6
2025-06-14 03:23:39,99,3668,6
2025-06-14 03:24:05,99,3667,6
2025-06-14 03:24:31,99,3667,6
2025-06-14 03:24:57,99,3667,6
2025-06-14 03:25:24,99,3667,6
2025-06-14 03:25:50,99,3666,6
2025-06-14 03:26:16,99,3666,6
2025-06-14 03:26:42,99,3665,6
2025-06-14 03:27:09,99,3665,6
2025-06-14 03:27:35,99,3665,6
2025-06-14 03:28:01,99,3664,6
2025-06-14 03:28:27,99,3664,6
2025-06-14 03:28:53,99,3664,6
2025-06-14 03:29:20,99,3664,6
2025-06-14 03:29:46,99,3663,6
2025-06-14 03:30:12,99,3663,6
2025-06-14 03:30:38,99,3662,6
2025-06-14 03:31:05,99,3662,6
2025-06-14 03:31:31,99,3661,6
2025-06-14 03:31:57,99,3661,6
2025-06-14 03:32:23,99,3661,6
2025-06-14 03:32:50,99,3660,6
2025-06-14 03:33:16,99,3660,6
2025-06-14 03:33:42,99,3659,6
2025-06-14 03:34:08,99,3659,6
2025-06-14 03:34:35,99,3659,6
2025-06-14 03:35:01,99,3659,6
2025-06-14 03:35:27,99,3658,6
2025-06-14 03:35:53,99,3658,6
2025-06-14 03:36:19,99,3657,6
2025-06-14 03:36:46,99,3657,6
2025-06-14 03:37:12,99,3657,6
2025-06-14 03:37:38,99,3656,6
2025-06-14 03:38:05,99,3656,6
2025-06-14 03:38:31,99,3656,6
2025-06-14 03:38:57,99,3656,6
2025-06-14 03:39:23,99,3655,6
2025-06-14 03:39:49,99,3655,6
2025-06-14 03:40:16,99,3654,6
2025-06-14 03:40:42,99,3654,6
2025-06-14 03:41:08,99,3653,6
2025-06-14 03:41:35,99,3653,6
2025-06-14 03:42:01,99,3653,6
2025-06-14 03:42:27,99,3652,6
2025-06-14 03:42:53,99,3652,6
2025-06-14 03:43:19,99,3652,6
2025-06-14 03:43:46,99,3652,6
2025-06-14 03:44:12,99,3651,6
2025-06-14 03:44:38,99,3651,6
2025-06-14 03:45:04,99,3650,6
2025-06-14 03:45:31,99,3650,6
2025-06-14 03:45:57,99,3649,6
2025-06-14 03:46:23,99,3649,6
2025-06-14 03:46:49,99,3649,6
2025-06-14 03:47:16,99,3649,6
2025-06-14 03:47:42,99,3649,6
2025-06-14 03:48:08,99,3648,6
2025-06-14 03:48:34,99,3648,6
2025-06-14 03:49:00,99,3647,6
2025-06-14 03:49:27,99,3647,6
2025-06-14 03:49:53,99,3646,6
2025-06-14 03:50:19,99,3646,6
2025-06-14 03:50:45,99,3646,6
2025-06-14 03:51:12,99,3646,6
2025-06-14 03:51:38,99,3646,6
2025-06-14 03:52:04,99,3645,6
2025-06-14 03:52:30,99,3645,6
2025-06-14 03:52:56,99,3644,6
2025-06-14 03:53:23,99,3644,6
2025-06-14 03:53:49,99,3643,6
2025-06-14 03:54:15,99,3643,6
2025-06-14 03:54:41,99,3642,6
2025-06-14 03:55:08,99,3642,6
2025-06-14 03:55:34,99,3642,6
2025-06-14 03:56:00,99,3642,6
2025-06-14 03:56:26,99,3642,6
2025-06-14 03:56:52,99,3641,6
2025-06-14 03:57:19,99,3641,6
2025-06-14 03:57:45,99,3640,6
2025-06-14 03:58:11,99,3640,6
2025-06-14 03:58:37,99,3639,6
2025-06-14 03:59:03,99,3639,6
2025-06-14 03:59:30,99,3639,6
2025-06-14 03:59:56,99,3639,6
2025-06-14 04:00:22,99,3638,6
2025-06-14 04:00:48,99,3638,6
2025-06-14 04:01:15,99,3637,6
2025-06-14 04:01:41,99,3637,6
2025-06-14 04:02:07,99,3637,6
2025-06-14 04:02:33,99,3636,6
2025-06-14 04:02:59,99,3636,6
2025-06-14 04:03:26,99,3635,6
2025-06-14 04:03:52,99,3635,6
2025-06-14 04:04:18,99,3635,6
2025-06-14 04:04:44,99,3635,6
2025-06-14 04:05:10,99,3634,6
2025-06-14 04:05:37,99,3634,6
2025-06-14 04:06:03,99,3633,6
2025-06-14 04:06:29,99,3633,6
2025-06-14 04:06:55,99,3633,6
2025-06-14 04:07:21,99,3632,6
2025-06-14 04:07:48,99,3632,6
2025-06-14 04:08:14,99,3632,6
2025-06-14 04:08:40,99,3632,6
2025-06-14 04:09:06,99,3631,6
2025-06-14 04:09:33,99,3631,6
2025-06-14 04:09:59,99,3630,6
2025-06-14 04:10:25,99,3630,6
2025-06-14 04:10:51,99,3629,6
2025-06-14 04:11:17,99,3629,6
2025-06-14 04:11:44,99,3629,6
2025-06-14 04:12:10,99,3629,6
2025-06-14 04:12:36,99,3629,6
2025-06-14 04:13:02,99,3628,6
2025-06-14 04:13:29,99,3628,6
2025-06-14 04:13:55,99,3627,6
2025-06-14 04:14:21,99,3627,6
2025-06-14 04:14:47,99,3626,6
2025-06-14 04:15:14,99,3626,6
2025-06-14 04:15:40,99,3626,6
2025-06-14 04:16:06,99,3626,6
2025-06-14 04:16:32,99,3626,6
2025-06-14 04:16:58,99,3625,6
2025-06-14 04:17:25,99,3625,6
2025-06-14 04:17:51,99,3624,6
2025-06-14 04:18:17,99,3624,6
2025-06-14 04:18:43,99,3624,6
2025-06-14 04:19:09,99,3623,6
2025-06-14 04:19:35,99,3623,6
2025-06-14 04:20:02,99,3623,6
2025-06-14 04:20:28,99,3622,6
2025-06-14 04:20:54,99,3622,6
2025-06-14 04:21:20,99,3622,6
2025-06-14 04:21:47,99,3622,6
2025-06-14 04:22:13,99,3621,6
2025-06-14 04:22:39,99,3621,6
2025-06-14 04:23:05,99,3620,6
2025-06-14 04:23:31,99,3620,6
2025-06-14 04:23:58,99,3619,6
2025-06-14 04:24:24,99,3619,6
2025-06-14 04:24:50,99,3619,6
2025-06-14 04:25:16,99,3619,6
2025-06-14 04:25:43,99,3619,6
2025-06-14 04:26:09,99,3618,6
2025-06-14 04:26:35,99,3618,6
2025-06-14 04:27:01,99,3617,6
2025-06-14 04:27:27,99,3617,6
2025-06-14 04:27:54,99,3616,6
2025-06-14 04:28:20,99,3616,6
2025-06-14 04:28:46,99,3616,6
2025-06-14 04:29:12,99,3616,6
2025-06-14 04:29:39,99,3616,6
2025-06-14 04:30:05,99,3615,6
2025-06-14 04:30:31,99,3615,6
2025-06-14 04:30:57,99,3614,6
2025-06-14 04:31:23,99,3614,6
2025-06-14 04:31:50,99,3613,6
2025-06-14 04:32:16,99,3613,6
2025-06-14 04:32:42,99,3613,6
2025-06-14 04:33:08,99,3613,6
2025-06-14 04:33:35,99,3612,6
2025-06-14 04:34:01,99,3612,6
2025-06-14 04:34:27,99,3612,6
2025-06-14 04:34:53,99,3611,6
2025-06-14 04:35:20,99,3611,6
2025-06-14 04:35:46,99,3611,6
2025-06-14 04:36:12,99,3611,6
2025-06-14 04:36:38,99,3610,6
2025-06-14 04:37:05,99,3610,6
2025-06-14 04:37:31,99,3609,6
2025-06-14 04:37:57,99,3609,6
2025-06-14 04:38:23,99,3608,6
2025-06-14 04:38:49,99,3608,6
2025-06-14 04:39:16,99,3608,6
2025-06-14 04:39:42,99,3608,6
2025-06-14 04:40:08,99,3608,6
2025-06-14 04:40:34,99,3607,6
2025-06-14 04:41:00,99,3607,6
2025-06-14 04:41:27,99,3606,6
2025-06-14 04:41:53,99,3606,6
2025-06-14 04:42:19,99,3606,6
2025-06-14 04:42:45,99,3606,6
2025-06-14 04:43:12,99,3605,6
2025-06-14 04:43:38,99,3605,6
2025-06-14 04:44:04,99,3604,6
2025-06-14 04:44:30,99,3604,6
2025-06-14 04:44:56,99,3604,6
2025-06-14 04:45:23,99,3603,6
2025-06-14 04:45:49,99,3603,6
2025-06-14 04:46:15,99,3603,6
2025-06-14 04:46:41,99,3603,6
2025-06-14 04:47:07,99,3602,6
2025-06-14 04:47:34,99,3602,6
2025-06-14 04:48:00,99,3601,6
2025-06-14 04:48:26,99,3601,6
2025-06-14 04:48:52,99,3600,6
2025-06-14 04:49:19,99,3600,6
2025-06-14 04:49:45,99,3600,6
2025-06-14 04:50:11,99,3600,6
2025-06-14 04:50:37,99,3600,6
2025-06-14 04:51:04,99,3599,6
2025-06-14 04:51:30,99,3599,6
2025-06-14 04:51:56,99,3598,6
2025-06-14 04:52:22,99,3598,6
2025-06-14 04:52:49,99,3598,6
2025-06-14 04:53:15,99,3598,6
2025-06-14 04:53:41,99,3597,6
2025-06-14 04:54:07,99,3597,6
2025-06-14 04:54:34,99,3597,6
2025-06-14 04:55:00,99,3596,6
2025-06-14 04:55:26,99,3596,6
2025-06-14 04:55:52,99,3595,6
2025-06-14 04:56:19,99,3595,6
2025-06-14 04:56:45,99,3595,6
2025-06-14 04:57:11,99,3595,6
2025-06-14 04:57:37,99,3594,6
2025-06-14 04:58:03,99,3594,6
2025-06-14 04:58:30,99,3593,6
2025-06-14 04:58:56,99,3593,6
2025-06-14 04:59:22,99,3593,6
2025-06-14 04:59:48,99,3593,6
2025-06-14 05:00:15,99,3593,6
2025-06-14 05:00:41,99,3592,6
2025-06-14 05:01:07,99,3592,6
2025-06-14 05:01:33,99,3591,6
2025-06-14 05:01:59,99,3591,6
2025-06-14 05:02:26,99,3591,6
2025-06-14 05:02:52,99,3591,6
2025-06-14 05:03:18,99,3590,6
2025-06-14 05:03:44,99,3590,6
2025-06-14 05:04:11,99,3590,6
2025-06-14 05:04:37,99,3589,6
2025-06-14 05:05:03,99,3589,6
2025-06-14 05:05:29,99,3588,6
2025-06-14 05:05:55,99,3588,6
2025-06-14 05:06:22,99,3588,6
2025-06-14 05:06:48,99,3588,6
2025-06-14 05:07:14,99,3587,6
2025-06-14 05:07:40,99,3587,6
2025-06-14 05:08:07,99,3586,6
2025-06-14 05:08:33,99,3586,6
2025-06-14 05:08:59,99,3586,6
2025-06-14 05:09:25,99,3586,6
2025-06-14 05:09:51,99,3586,6
2025-06-14 05:10:18,99,3585,6
2025-06-14 05:10:44,99,3585,6
2025-06-14 05:11:10,99,3584,6
2025-06-14 05:11:36,99,3584,6
2025-06-14 05:12:02,99,3583,6
2025-06-14 05:12:29,99,3583,6
2025-06-14 05:12:55,99,3583,6
2025-06-14 05:13:21,99,3583,6
2025-06-14 05:13:47,99,3583,6
2025-06-14 05:14:14,99,3582,6
2025-06-14 05:14:40,99,3582,6
2025-06-14 05:15:06,99,3581,6
2025-06-14 05:15:32,99,3581,6
2025-06-14 05:15:58,99,3580,6
2025-06-14 05:16:25,99,3580,6
2025-06-14 05:16:51,99,3580,6
2025-06-14 05:17:17,99,3580,6
2025-06-14 05:17:43,99,3579,6
2025-06-14 05:18:09,99,3579,6
2025-06-14 05:18:36,99,3579,6
2025-06-14 05:19:02,99,3578,6
2025-06-14 05:19:28,99,3578,6
2025-06-14 05:19:54,99,3577,6
2025-06-14 05:20:21,99,3577,6
2025-06-14 05:20:47,99,3577,6
2025-06-14 05:21:13,99,3577,6
2025-06-14 05:21:39,99,3576,6
2025-06-14 05:22:05,99,3576,6
2025-06-14 05:22:32,99,3575,6
2025-06-14 05:22:58,99,3575,6
2025-06-14 05:23:24,99,3575,6
2025-06-14 05:23:50,99,3575,6
2025-06-14 05:24:17,99,3575,6
2025-06-14 05:24:43,99,3574,6
2025-06-14 05:25:09,99,3574,6
2025-06-14 05:25:35,99,3573,6
2025-06-14 05:26:01,99,3573,6
2025-06-14 05:26:28,99,3572,6
2025-06-14 05:26:54,99,3572,6
2025-06-14 05:27:20,99,3572,6
2025-06-14 05:27:46,99,3572,6
2025-06-14 05:28:13,99,3571,6
2025-06-14 05:28:39,99,3571,6
2025-06-14 05:29:05,99,3571,6
2025-06-14 05:29:31,99,3570,6
2025-06-14 05:29:58,99,3570,6
2025-06-14 05:30:24,99,3569,6
2025-06-14 05:30:50,99,3569,6
2025-06-14 05:31:16,99,3568,6
2025-06-14 05:31:42,99,3568,6
2025-06-14 05:32:09,99,3568,6
2025-06-14 05:32:35,99,3568,6
2025-06-14 05:33:01,99,3567,6
2025-06-14 05:33:27,99,3567,6
2025-06-14 05:33:54,99,3567,6
2025-06-14 05:34:20,99,3566,6
2025-06-14 05:34:46,99,3566,6
2025-06-14 05:35:12,99,3565,6
2025-06-14 05:35:38,99,3565,6
2025-06-14 05:36:05,99,3564,6
2025-06-14 05:36:31,99,3564,6
2025-06-14 05:36:57,99,3564,6
2025-06-14 05:37:23,99,3564,6
2025-06-14 05:37:50,99,3563,6
2025-06-14 05:38:16,99,3563,6
2025-06-14 05:38:42,99,3563,6
2025-06-14 05:39:08,99,3562,6
2025-06-14 05:39:34,99,3562,6
2025-06-14 05:40:01,99,3561,6
2025-06-14 05:40:27,99,3561,6
2025-06-14 05:40:53,99,3560,6
2025-06-14 05:41:19,99,3560,6
2025-06-14 05:41:45,99,3559,6
2025-06-14 05:42:12,99,3559,6
2025-06-14 05:42:38,99,3559,6
2025-06-14 05:43:04,99,3559,6
2025-06-14 05:43:30,99,3559,6
2025-06-14 05:43:57,99,3558,6
2025-06-14 05:44:23,99,3558,6
2025-06-14 05:44:49,99,3557,6
2025-06-14 05:45:15,99,3557,6
2025-06-14 05:45:41,99,3556,6
2025-06-14 05:46:08,99,3556,6
2025-06-14 05:46:34,99,3555,6
2025-06-14 05:47:00,99,3555,6
2025-06-14 05:47:26,99,3554,6
2025-06-14 05:47:52,99,3554,6
2025-06-14 05:48:19,99,3554,6
2025-06-14 05:48:45,99,3554,6
2025-06-14 05:49:11,99,3554,6
2025-06-14 05:49:37,99,3553,6
2025-06-14 05:50:04,99,3553,6
2025-06-14 05:50:30,99,3552,6
2025-06-14 05:50:56,99,3552,6
2025-06-14 05:51:22,99,3551,6
2025-06-14 05:51:48,99,3551,6
2025-06-14 05:52:15,99,3551,6
2025-06-14 05:52:41,99,3551,6
2025-06-14 05:53:07,99,3551,6
2025-06-14 05:53:33,99,3550,6
2025-06-14 05:54:00,99,3550,6
2025-06-14 05:54:26,99,3549,6
2025-06-14 05:54:52,99,3549,6
2025-06-14 05:55:18,99,3548,6
2025-06-14 05:55:44,99,3548,6
2025-06-14 05:56:11,99,3547,6
2025-06-14 05:56:37,99,3547,6
2025-06-14 05:57:03,99,3546,6
2025-06-14 05:57:29,99,3546,6
2025-06-14 05:57:55,99,3546,6
2025-06-14 05:58:22,99,3546,6
2025-06-14 05:58:48,99,3546,6
2025-06-14 05:59:14,99,3545,6
2025-06-14 05:59:40,99,3545,6
2025-06-14 06:00:07,99,3544,6
2025-06-14 06:00:33,99,3544,6
2025-06-14 06:00:59,99,3543,6
2025-06-14 06:01:25,99,3543,6
2025-06-14 06:01:51,99,3542,6
2025-06-14 06:02:18,99,3542,6
2025-06-14 06:02:44,99,3542,6
2025-06-14 06:03:10,99,3542,6
2025-06-14 06:03:36,99,3542,6
2025-06-14 06:04:02,99,3541,6
2025-06-14 06:04:29,99,3541,6
2025-06-14 06:04:55,99,3540,6
2025-06-14 06:05:21,99,3540,6
2025-06-14 06:05:47,99,3539,6
2025-06-14 06:06:13,99,3539,6
2025-06-14 06:06:40,99,3538,6
2025-06-14 06:07:06,99,3538,6
2025-06-14 06:07:32,99,3538,6
2025-06-14 06:07:58,99,3538,6
2025-06-14 06:08:25,99,3538,6
2025-06-14 06:08:51,99,3537,6
2025-06-14 06:09:17,99,3537,6
2025-06-14 06:09:43,99,3536,6
2025-06-14 06:10:09,99,3536,6
2025-06-14 06:10:36,99,3535,6
2025-06-14 06:11:02,99,3535,6
2025-06-14 06:11:28,99,3534,6
2025-06-14 06:11:54,99,3534,6
2025-06-14 06:12:20,99,3534,6
2025-06-14 06:12:47,99,3534,6
2025-06-14 06:13:13,99,3534,6
2025-06-14 06:13:39,99,3533,6
2025-06-14 06:14:05,99,3533,6
2025-06-14 06:14:31,99,3532,6
2025-06-14 06:14:58,99,3532,6
2025-06-14 06:15:24,99,3531,6
2025-06-14 06:15:50,99,3531,6
2025-06-14 06:16:16,99,3530,6
2025-06-14 06:16:42,99,3530,6
2025-06-14 06:17:09,99,3530,6
2025-06-14 06:17:35,99,3529,6
2025-06-14 06:18:01,99,3529,6
2025-06-14 06:18:27,99,3529,6
2025-06-14 06:18:54,99,3529,6
2025-06-14 06:19:20,99,3528,6
2025-06-14 06:19:46,99,3528,6
2025-06-14 06:20:12,99,3527,6
2025-06-14 06:20:38,99,3527,6
2025-06-14 06:21:05,99,3526,6
2025-06-14 06:21:31,99,3526,6
2025-06-14 06:21:57,99,3526,6
2025-06-14 06:22:23,99,3526,6
2025-06-14 06:22:49,99,3526,6
2025-06-14 06:23:16,99,3525,6
2025-06-14 06:23:42,99,3525,6
2025-06-14 06:24:08,99,3524,6
2025-06-14 06:24:34,99,3524,6
2025-06-14 06:25:00,99,3523,6
2025-06-14 06:25:27,99,3523,6
2025-06-14 06:25:53,99,3523,6
2025-06-14 06:26:19,99,3523,6
2025-06-14 06:26:45,99,3522,6
2025-06-14 06:27:11,99,3522,6
2025-06-14 06:27:38,99,3522,6
2025-06-14 06:28:04,99,3521,6
2025-06-14 06:28:30,99,3521,6
2025-06-14 06:28:56,99,3520,6
2025-06-14 06:29:23,99,3520,6
2025-06-14 06:29:49,99,3520,6
2025-06-14 06:30:15,99,3520,6
2025-06-14 06:30:41,99,3519,6
2025-06-14 06:31:07,99,3519,6
2025-06-14 06:31:34,99,3518,6
2025-06-14 06:32:00,99,3518,6
2025-06-14 06:32:26,99,3518,6
2025-06-14 06:32:52,99,3517,6
2025-06-14 06:33:18,99,3517,6
2025-06-14 06:33:45,99,3517,6
2025-06-14 06:34:11,99,3517,6
2025-06-14 06:34:37,99,3516,6
2025-06-14 06:35:03,99,3516,6
2025-06-14 06:35:29,99,3515,6
2025-06-14 06:35:56,99,3515,6
2025-06-14 06:36:22,99,3515,6
2025-06-14 06:36:48,99,3515,6
2025-06-14 06:37:14,99,3515,6
2025-06-14 06:37:40,99,3514,6
2025-06-14 06:38:07,99,3514,6
2025-06-14 06:38:33,99,3514,6
2025-06-14 06:38:59,99,3514,6
2025-06-14 06:39:25,99,3513,6
2025-06-14 06:39:51,99,3513,6
2025-06-14 06:40:18,99,3512,6
2025-06-14 06:40:44,99,3512,6
2025-06-14 06:41:10,99,3512,6
2025-06-14 06:41:36,99,3512,6
2025-06-14 06:42:02,99,3512,6
2025-06-14 06:42:29,99,3511,6
2025-06-14 06:42:55,99,3511,6
2025-06-14 06:43:21,99,3511,6
2025-06-14 06:43:47,99,3511,6
2025-06-14 06:44:14,99,3510,6
2025-06-14 06:44:40,99,3510,6
2025-06-14 06:45:06,99,3509,6
2025-06-14 06:45:32,99,3509,6
2025-06-14 06:45:58,99,3509,6
2025-06-14 06:46:25,99,3509,6
2025-06-14 06:46:51,99,3509,6
2025-06-14 06:47:17,99,3508,6
2025-06-14 06:47:43,99,3508,6
2025-06-14 06:48:09,99,3508,6
2025-06-14 06:48:36,99,3508,6
2025-06-14 06:49:02,99,3507,6
2025-06-14 06:49:28,99,3507,6
2025-06-14 06:49:54,99,3507,6
2025-06-14 06:50:20,99,3507,6
2025-06-14 06:50:47,99,3506,6
2025-06-14 06:51:13,99,3506,6
2025-06-14 06:51:39,99,3506,6
2025-06-14 06:52:05,99,3506,6
2025-06-14 06:52:32,99,3506,6
2025-06-14 06:52:58,99,3505,6
2025-06-14 06:53:24,99,3505,6
2025-06-14 06:53:50,99,3505,6
2025-06-14 06:54:17,99,3505,6
2025-06-14 06:54:43,99,3504,6
2025-06-14 06:55:09,99,3504,6
2025-06-14 06:55:35,99,3504,6
2025-06-14 06:56:01,99,3504,6
2025-06-14 06:56:28,99,3504,6
2025-06-14 06:56:54,99,3503,6
2025-06-14 06:57:20,99,3503,6
2025-06-14 06:57:46,99,3503,6
2025-06-14 06:58:12,99,3503,6
2025-06-14 06:58:39,99,3503,6
2025-06-14 06:59:05,99,3503,6
2025-06-14 06:59:31,99,3502,6
2025-06-14 06:59:57,99,3502,6
2025-06-14 07:00:23,99,3502,6
2025-06-14 07:00:50,99,3502,6
2025-06-14 07:01:16,99,3502,6
2025-06-14 07:01:42,99,3501,6
2025-06-14 07:02:08,99,3501,6
2025-06-14 07:02:34,99,3500,6
2025-06-14 07:03:01,99,3500,6
2025-06-14 07:03:27,99,3500,6
2025-06-14 07:03:53,99,3500,6
2025-06-14 07:04:19,99,3500,6
2025-06-14 07:04:45,99,3500,6
2025-06-14 07:05:12,99,3499,6
2025-06-14 07:05:38,99,3499,6
2025-06-14 07:06:04,99,3499,6
2025-06-14 07:06:30,99,3499,6
2025-06-14 07:06:56,99,3499,6
2025-06-14 07:07:23,99,3498,6
2025-06-14 07:07:49,99,3498,6
2025-06-14 07:08:15,99,3498,6
2025-06-14 07:08:41,99,3498,6
2025-06-14 07:09:07,99,3497,6
2025-06-14 07:09:34,99,3497,6
2025-06-14 07:10:00,99,3497,6
2025-06-14 07:10:26,99,3497,6
2025-06-14 07:10:52,99,3497,6
2025-06-14 07:11:19,99,3496,6
2025-06-14 07:11:45,99,3496,6
2025-06-14 07:12:11,99,3496,6
2025-06-14 07:12:37,99,3496,6
2025-06-14 07:13:03,99,3495,6
2025-06-14 07:13:29,99,3495,6
2025-06-14 07:13:56,99,3495,6
2025-06-14 07:14:22,99,3495,6
2025-06-14 07:14:48,99,3494,6
2025-06-14 07:15:14,99,3494,6
2025-06-14 07:15:41,99,3494,6
2025-06-14 07:16:07,99,3494,6
2025-06-14 07:16:33,99,3494,6
2025-06-14 07:16:59,99,3493,6
2025-06-14 07:17:25,99,3493,6
2025-06-14 07:17:51,99,3492,6
2025-06-14 07:18:18,99,3492,6
2025-06-14 07:18:44,99,3492,6
2025-06-14 07:19:10,99,3492,6
2025-06-14 07:19:36,99,3491,6
2025-06-14 07:20:03,99,3491,6
2025-06-14 07:20:29,99,3491,6
2025-06-14 07:20:55,99,3491,6
2025-06-14 07:21:21,99,3491,6
2025-06-14 07:21:47,99,3490,6
2025-06-14 07:22:14,99,3490,6
2025-06-14 07:22:40,99,3490,6
2025-06-14 07:23:06,99,3490,6
2025-06-14 07:23:32,99,3489,6
2025-06-14 07:23:59,99,3489,6
2025-06-14 07:24:25,99,3488,6
2025-06-14 07:24:51,99,3488,6
2025-06-14 07:25:17,99,3488,6
2025-06-14 07:25:43,99,3488,6
2025-06-14 07:26:10,99,3488,6
2025-06-14 07:26:36,99,3487,6
2025-06-14 07:27:02,99,3487,6
2025-06-14 07:27:28,99,3487,6
2025-06-14 07:27:54,99,3487,6
2025-06-14 07:28:21,99,3486,6
2025-06-14 07:28:47,99,3486,6
2025-06-14 07:29:13,99,3485,6
2025-06-14 07:29:39,99,3485,6
2025-06-14 07:30:06,99,3485,6
2025-06-14 07:30:32,99,3485,6
2025-06-14 07:30:58,99,3485,6
2025-06-14 07:31:24,99,3484,6
2025-06-14 07:31:50,99,3484,6
2025-06-14 07:32:17,99,3483,6
2025-06-14 07:32:43,99,3483,6
2025-06-14 07:33:09,99,3483,6
2025-06-14 07:33:35,99,3483,6
2025-06-14 07:34:01,99,3482,6
2025-06-14 07:34:28,99,3482,6
2025-06-14 07:34:54,99,3482,6
2025-06-14 07:35:20,99,3482,6
2025-06-14 07:35:46,99,3482,6
2025-06-14 07:36:13,99,3481,6
2025-06-14 07:36:39,99,3481,6
2025-06-14 07:37:05,99,3480,6
2025-06-14 07:37:31,99,3480,6
2025-06-14 07:37:58,99,3479,6
2025-06-14 07:38:24,99,3479,6
2025-06-14 07:38:50,99,3478,6
2025-06-14 07:39:16,99,3478,6
2025-06-14 07:39:42,99,3478,6
2025-06-14 07:40:09,99,3478,6
2025-06-14 07:40:35,99,3478,6
2025-06-14 07:41:01,99,3477,6
2025-06-14 07:41:27,99,3477,6
2025-06-14 07:41:53,99,3476,6
2025-06-14 07:42:20,99,3476,6
2025-06-14 07:42:46,99,3475,6
2025-06-14 07:43:12,99,3475,6
2025-06-14 07:43:38,99,3474,6
2025-06-14 07:44:04,99,3474,6
2025-06-14 07:44:31,99,3474,6
2025-06-14 07:44:57,99,3474,6
2025-06-14 07:45:23,99,3474,6
2025-06-14 07:45:49,99,3473,6
2025-06-14 07:46:15,99,3473,6
2025-06-14 07:46:42,99,3471,6
2025-06-14 07:47:08,99,3471,6
2025-06-14 07:47:34,99,3471,6
2025-06-14 07:48:00,99,3471,6
2025-06-14 07:48:26,99,3470,6
2025-06-14 07:48:53,99,3470,6
2025-06-14 07:49:19,99,3468,6
2025-06-14 07:49:45,99,3468,6
2025-06-14 07:50:11,99,3468,6
2025-06-14 07:50:37,99,3467,6
2025-06-14 07:51:04,99,3467,6
2025-06-14 07:51:30,99,3466,6
2025-06-14 07:51:56,99,3466,6
2025-06-14 07:52:22,99,3465,6
2025-06-14 07:52:48,99,3465,6
2025-06-14 07:53:15,99,3464,6
2025-06-14 07:53:41,99,3464,6
2025-06-14 07:54:07,99,3462,6
2025-06-14 07:54:33,99,3462,6
2025-06-14 07:55:00,99,3462,6
2025-06-14 07:55:26,99,3461,6
2025-06-14 07:55:52,99,3461,6
2025-06-14 07:56:18,99,3460,6
2025-06-14 07:56:45,99,3460,6
2025-06-14 07:57:11,99,3458,6
2025-06-14 07:57:37,99,3458,6
2025-06-14 07:58:03,99,3457,6
2025-06-14 07:58:29,99,3457,6
2025-06-14 07:58:55,99,3455,6
2025-06-14 07:59:22,99,3455,6
2025-06-14 07:59:48,99,3455,6
2025-06-14 08:00:14,99,3453,6
2025-06-14 08:00:40,99,3453,6
2025-06-14 08:01:07,99,3451,6
2025-06-14 08:01:33,99,3451,6
2025-06-14 08:01:59,99,3449,6
2025-06-14 08:02:25,99,3449,6
2025-06-14 08:02:52,99,3447,6
2025-06-14 08:03:18,99,3447,6
2025-06-14 08:03:44,99,3445,6
2025-06-14 08:04:10,99,3445,6
2025-06-14 08:04:36,99,3445,6
2025-06-14 08:05:03,99,3443,6
2025-06-14 08:05:29,99,3443,6
2025-06-14 08:05:55,99,3440,6
2025-06-14 08:06:21,99,3440,6
2025-06-14 08:06:48,99,3438,6
2025-06-14 08:07:14,99,3438,6
2025-06-14 08:07:40,99,3435,6
2025-06-14 08:08:06,99,3435,6
2025-06-14 08:08:32,99,3433,6
2025-06-14 08:08:58,99,3433,6
2025-06-14 08:09:25,99,3433,6
2025-06-14 08:09:51,99,3430,6
2025-06-14 08:10:17,99,3430,6
2025-06-14 08:10:43,99,3427,6
2025-06-14 08:11:10,99,3427,6
2025-06-14 08:11:36,99,3424,6
2025-06-14 08:12:02,99,3424,6
2025-06-14 08:12:28,99,3420,6
2025-06-14 08:12:54,99,3420,6
2025-06-14 08:13:21,99,3417,6
2025-06-14 08:13:47,99,3417,6
2025-06-14 08:14:13,99,3417,6
2025-06-14 08:14:39,99,3414,6
2025-06-14 08:15:05,99,3414,6
2025-06-14 08:15:32,99,3410,6
2025-06-14 08:15:58,99,3410,6
2025-06-14 08:16:24,99,3407,6
2025-06-14 08:16:50,99,3407,6
2025-06-14 08:17:17,99,3403,6
2025-06-14 08:17:43,99,3403,6
2025-06-14 08:18:09,99,3399,6
2025-06-14 08:18:35,99,3399,6
2025-06-14 08:19:01,99,3395,6
2025-06-14 08:19:28,99,3395,6
2025-06-14 08:19:54,99,3395,6
2025-06-14 08:20:20,99,3391,6
2025-06-14 08:20:46,99,3391,6
2025-06-14 08:21:13,99,3388,6
2025-06-14 08:21:39,99,3388,6
2025-06-14 08:22:05,99,3383,6
2025-06-14 08:22:31,99,3383,6
2025-06-14 08:22:57,99,3379,6
2025-06-14 08:23:24,99,3379,6
2025-06-14 08:23:50,99,3375,6
2025-06-14 08:24:16,99,3375,6
2025-06-14 08:24:42,99,3375,6
2025-06-14 08:25:08,99,3371,6
2025-06-14 08:25:35,99,3371,6
2025-06-14 08:26:01,99,3366,6
2025-06-14 08:26:27,99,3366,6
2025-06-14 08:26:53,99,3362,6
2025-06-14 08:27:20,99,3359,6
2025-06-14 08:27:46,99,3359,6
2025-06-14 08:28:12,99,3354,6
2025-06-14 08:28:38,99,3354,6
2025-06-14 08:29:04,99,3354,6
2025-06-14 08:29:31,99,3350,6
2025-06-14 08:29:57,99,3350,6
2025-06-14 08:30:23,99,3345,6
2025-06-14 08:30:49,99,3345,6
2025-06-14 08:31:16,99,3340,6
2025-06-14 08:31:42,99,3340,6
2025-06-14 08:32:08,99,3335,6
2025-06-14 08:32:34,99,3335,6
2025-06-14 08:33:00,99,3330,6
2025-06-14 08:33:26,99,3330,6
2025-06-14 08:33:53,99,3330,6
2025-06-14 08:34:19,99,3325,6
2025-06-14 08:34:45,99,3325,6
2025-06-14 08:35:11,99,3319,6
2025-06-14 08:35:38,99,3319,6
2025-06-14 08:36:04,99,3314,6
2025-06-14 08:36:30,99,3314,6
2025-06-14 08:36:56,99,3308,6
2025-06-14 08:37:22,99,3308,6
2025-06-14 08:37:49,99,3303,6
2025-06-14 08:38:15,99,3303,6
2025-06-14 08:38:41,99,3303,6
2025-06-14 08:39:07,99,3297,6
2025-06-14 08:39:34,99,3297,6
2025-06-14 08:40:00,99,3291,6
2025-06-14 08:40:26,99,3291,6
2025-06-14 08:40:52,99,3285,6
2025-06-14 08:41:18,99,3285,6
2025-06-14 08:41:45,99,3279,6
2025-06-14 08:42:11,99,3279,6
2025-06-14 08:42:37,99,3272,6
2025-06-14 08:43:03,99,3272,6
2025-06-14 08:43:29,99,3272,6
2025-06-14 08:43:56,99,3266,6
2025-06-14 08:44:22,99,3266,6
2025-06-14 08:44:48,99,3259,6
2025-06-14 08:45:14,99,3259,6
2025-06-14 08:45:40,99,3252,6
2025-06-14 08:46:07,99,3252,6
2025-06-14 08:46:33,99,3245,6
2025-06-14 08:46:59,99,3245,6
2025-06-14 08:47:25,99,3238,6
2025-06-14 08:47:52,99,3238,6
2025-06-14 08:48:18,99,3238,6
2025-06-14 08:48:44,99,3231,6
2025-06-14 08:49:10,99,3231,6
2025-06-14 08:49:36,99,3223,6
2025-06-14 08:50:03,99,3223,6
2025-06-14 08:50:29,99,3215,6
2025-06-14 08:50:55,99,3215,6
2025-06-14 08:51:21,99,3207,6
2025-06-14 08:51:48,99,3207,6
2025-06-14 08:52:14,99,3199,6
2025-06-14 08:52:40,99,3199,6
2025-06-14 08:53:06,99,3199,6
2025-06-14 08:53:33,99,3190,6
2025-06-14 08:53:59,99,3190,6
2025-06-14 08:54:25,99,3181,6
2025-06-14 08:54:51,99,3181,6
2025-06-14 08:55:17,99,3172,6
2025-06-14 08:55:44,99,3172,6
2025-06-14 08:56:10,99,3162,6
2025-06-14 08:56:36,99,3162,6
2025-06-14 08:57:02,99,3152,6
2025-06-14 08:57:28,99,3152,6
2025-06-14 08:57:55,99,3152,6
2025-06-14 08:58:21,99,3142,6
2025-06-14 08:58:47,99,3142,6
2025-06-14 08:59:13,99,3131,6
2025-06-14 08:59:39,99,3131,6
2025-06-14 09:00:06,99,3120,6
2025-06-14 09:00:32,99,3120,6
2025-06-14 09:00:58,99,3108,6
2025-06-14 09:01:24,99,3108,6
2025-06-14 09:01:50,99,3096,6
2025-06-14 09:02:17,99,3096,6
2025-06-14 09:02:43,99,3096,6
2025-06-14 09:03:09,99,3076,6
2025-06-14 09:03:35,99,3075,6
2025-06-14 09:04:01,99,3075,6
2025-06-14 09:04:28,99,3061,6
2025-06-14 09:04:54,99,3061,6
2025-06-14 09:05:20,99,3046,6
2025-06-14 09:05:46,99,3046,6
2025-06-14 09:06:12,99,3030,6
2025-06-14 09:06:39,99,3030,6
2025-06-14 09:07:05,99,3030,6
2025-06-14 09:07:31,99,3012,6
2025-06-14 09:07:57,99,3012,6
2025-06-14 09:08:23,99,2992,6
2025-06-14 09:08:50,99,2992,6
2025-06-14 09:09:16,99,2970,6
2025-06-14 09:09:42,99,2970,6
2025-06-14 09:10:08,99,2945,6
2025-06-14 09:10:34,99,2945,6
2025-06-14 09:11:01,99,2913,6
2025-06-14 09:11:27,99,2913,6
2025-06-14 09:11:53,99,2913,6
2025-06-14 09:12:19,99,2875,6
2025-06-14 09:12:46,99,2875,6
2025-06-14 09:13:12,99,2831,6
2025-06-14 09:13:38,99,2831,6
2025-06-14 09:14:04,99,2780,6
2025-06-14 09:14:30,99,2780,6
2025-06-14 09:14:57,99,2721,6
2025-06-14 09:15:23,99,2682,6
2025-06-14 09:15:49,99,2665,6
2025-06-14 09:16:15,99,2665,6
2025-06-14 09:16:41,99,2589,6
2025-06-14 09:17:08,99,2589,6
